"statement_date","transaction_date","posting_date","description","amount","currency_amount","currency_code","exchange_rate","source_file"
"2024-01-03","2023-12-04","2023-12-05","HUSKY 52453 CALGARY","9.00","","","","TD_AEROPLAN_VISA_INFINITE_9225_Jan_03-2024.pdf"
"2024-01-03","2023-12-06","2023-12-06","BOOKING.COM* 1MZITWBMQ HTTPSWWW.BOO","1755.88","1259.78","USD","1.39379","TD_AEROPLAN_VISA_INFINITE_9225_Jan_03-2024.pdf"
"2024-01-03","2023-12-05","2023-12-07","AMERICAN AI 0012498541013 TORONTO","787.07","","","","TD_AEROPLAN_VISA_INFINITE_9225_Jan_03-2024.pdf"
"2024-01-03","2023-12-08","2023-12-11","JUGO JUICE CALGARY","16.28","","","","TD_AEROPLAN_VISA_INFINITE_9225_Jan_03-2024.pdf"
"2024-01-03","2023-12-08","2023-12-11","AMERICAN AI 0010271916592 CALGARY","31.50","","","","TD_AEROPLAN_VISA_INFINITE_9225_Jan_03-2024.pdf"
"2024-01-03","2023-12-08","2023-12-11","HUDSON ST2172 CALGARY","26.58","","","","TD_AEROPLAN_VISA_INFINITE_9225_Jan_03-2024.pdf"
"2024-01-03","2023-12-09","2023-12-11","OCEAN ENOTECA E FORNO MIAMI BEACH","58.17","41.69","USD","1.39529","TD_AEROPLAN_VISA_INFINITE_9225_Jan_03-2024.pdf"
"2024-01-03","2023-12-09","2023-12-11","WALGREENS 12463 Miami Beach","16.07","","","","TD_AEROPLAN_VISA_INFINITE_9225_Jan_03-2024.pdf"
"2024-01-03","2023-12-11","2023-12-12","Store Miami","16.29","11.67","USD","1.39588","TD_AEROPLAN_VISA_INFINITE_9225_Jan_03-2024.pdf"
"2024-01-03","2023-12-11","2023-12-12","AMERICAN AIR0010272089768 FORT WORTH","30.70","22.00","USD","1.39545","TD_AEROPLAN_VISA_INFINITE_9225_Jan_03-2024.pdf"
"2024-01-03","2023-12-11","2023-12-13","STARBUCKS C21 DFW DALLAS","17.90","12.83","USD","1.39516","TD_AEROPLAN_VISA_INFINITE_9225_Jan_03-2024.pdf"
"2024-01-03","2023-12-11","2023-12-13","BOOKLINK 107 MAV MIAMI","18.64","13.36","USD","1.39520","TD_AEROPLAN_VISA_INFINITE_9225_Jan_03-2024.pdf"
"2024-01-03","2023-12-12","2023-12-13","SQ *GIRLSCONNECT 8774174551","110.00","","","","TD_AEROPLAN_VISA_INFINITE_9225_Jan_03-2024.pdf"
"2024-01-03","2023-12-15","2023-12-18","FRESHII-DEERFOOT CITY CALGARY","7.26","","","","TD_AEROPLAN_VISA_INFINITE_9225_Jan_03-2024.pdf"
"2024-01-03","2023-12-15","2023-12-18","BOOSTER JUICE # 432 CALGARY","24.29","","","","TD_AEROPLAN_VISA_INFINITE_9225_Jan_03-2024.pdf"
"2024-01-03","2023-12-16","2023-12-18","MUCHO BURRITO CALGARY","26.50","","","","TD_AEROPLAN_VISA_INFINITE_9225_Jan_03-2024.pdf"
"2024-01-03","2023-12-18","2023-12-19","FLOORING SUPERSTORES CALGARY","448.99","","","","TD_AEROPLAN_VISA_INFINITE_9225_Jan_03-2024.pdf"
"2024-01-03","2023-12-18","2023-12-19","PAYMENT - THANK YOU","-3536.21","","","","TD_AEROPLAN_VISA_INFINITE_9225_Jan_03-2024.pdf"
"2024-01-03","2023-12-13","2023-12-20","SP THE CAMERA STORE CALGARY","1048.95","","","","TD_AEROPLAN_VISA_INFINITE_9225_Jan_03-2024.pdf"
"2024-01-03","2023-12-20","2023-12-21","AIRBNB * HMTFPPHKJC AIRBNB.COM","6428.75","","","","TD_AEROPLAN_VISA_INFINITE_9225_Jan_03-2024.pdf"
"2024-01-03","2023-12-21","2023-12-22","IKEA CALGARY CALGARY","25.97","","","","TD_AEROPLAN_VISA_INFINITE_9225_Jan_03-2024.pdf"
"2024-01-03","2023-12-21","2023-12-27","APPLE STORE #R209 CALGARY","190.00","","","","TD_AEROPLAN_VISA_INFINITE_9225_Jan_03-2024.pdf"
"2024-01-03","2023-12-23","2023-12-27","DOLLAR WORLD CALGARY","25.14","","","","TD_AEROPLAN_VISA_INFINITE_9225_Jan_03-2024.pdf"
"2024-01-03","2023-12-23","2023-12-27","LES MOULINS LA FAYETTE CALGARY","8.35","","","","TD_AEROPLAN_VISA_INFINITE_9225_Jan_03-2024.pdf"
"2024-01-03","2023-12-23","2023-12-27","INDIGOSPIRIT 079 CALGARY","98.15","","","","TD_AEROPLAN_VISA_INFINITE_9225_Jan_03-2024.pdf"
"2024-01-03","2023-12-23","2023-12-27","ILAHUI SOUTHCENTRE CALGARY","20.98","","","","TD_AEROPLAN_VISA_INFINITE_9225_Jan_03-2024.pdf"
"2024-01-03","2023-12-24","2023-12-27","Club Monaco Calgary","37.49","","","","TD_AEROPLAN_VISA_INFINITE_9225_Jan_03-2024.pdf"
"2024-01-03","2023-12-24","2023-12-27","SEPHORA CHINOOK CALGARY","71.40","","","","TD_AEROPLAN_VISA_INFINITE_9225_Jan_03-2024.pdf"
"2024-01-03","2023-12-24","2023-12-27","KALYNA STORE CALGARY","7.92","","","","TD_AEROPLAN_VISA_INFINITE_9225_Jan_03-2024.pdf"
"2024-01-03","2023-12-24","2023-12-27","FREEDOM MOBILE INC OAKVILLE","41.98","","","","TD_AEROPLAN_VISA_INFINITE_9225_Jan_03-2024.pdf"
"2024-01-03","2023-12-24","2023-12-27","STORETAJKABOB DOWNTOWN TOR","19.95","","","","TD_AEROPLAN_VISA_INFINITE_9225_Jan_03-2024.pdf"
"2024-01-03","2023-12-24","2023-12-27","STARBUCKS COFFEE #5435 CALGARY","22.32","","","","TD_AEROPLAN_VISA_INFINITE_9225_Jan_03-2024.pdf"
"2024-01-03","2023-12-24","2023-12-27","RUSSIAN STORE CALGARY","39.76","","","","TD_AEROPLAN_VISA_INFINITE_9225_Jan_03-2024.pdf"
"2024-01-03","2023-12-24","2023-12-27","APPLE STORE #R209 CALGARY","753.95","","","","TD_AEROPLAN_VISA_INFINITE_9225_Jan_03-2024.pdf"
"2024-01-03","2023-12-24","2023-12-27","LUSH CHINOOK CALGARY","54.60","","","","TD_AEROPLAN_VISA_INFINITE_9225_Jan_03-2024.pdf"
"2024-01-03","2023-12-24","2023-12-27","SHOPPERS DRUG MART #03 CALGARY","15.21","","","","TD_AEROPLAN_VISA_INFINITE_9225_Jan_03-2024.pdf"
"2024-01-03","2023-12-27","2023-12-28","PAYMENT - THANK YOU","-8010.71","","","","TD_AEROPLAN_VISA_INFINITE_9225_Jan_03-2024.pdf"
"2024-01-03","2023-12-30","2024-01-02","SQUARESPACE INC. HTTPSSQUARES","359.93","264.60","USD","1.36027","TD_AEROPLAN_VISA_INFINITE_9225_Jan_03-2024.pdf"
"2024-01-03","2023-12-30","2024-01-02","THE TILE BOX CALGARY","306.96","","","","TD_AEROPLAN_VISA_INFINITE_9225_Jan_03-2024.pdf"
"2024-02-05","2024-01-03","2024-01-04","SP THE ADVENTURE CHA HTTPSCANADAT","68.25","","","","TD_AEROPLAN_VISA_INFINITE_9225_Feb_05-2024.pdf"
"2024-02-05","2024-01-06","2024-01-08","SP STRAWBERRY MILK MOB VANCOUVER","90.30","","","","TD_AEROPLAN_VISA_INFINITE_9225_Feb_05-2024.pdf"
"2024-02-05","2024-01-06","2024-01-09","SOBEYS MILLRISE #5064 CALGARY","27.27","","","","TD_AEROPLAN_VISA_INFINITE_9225_Feb_05-2024.pdf"
"2024-02-05","2024-01-13","2024-01-15","FLOORING SUPERSTORES CALGARY","1011.99","","","","TD_AEROPLAN_VISA_INFINITE_9225_Feb_05-2024.pdf"
"2024-02-05","2024-01-16","2024-01-16","THREDUP 6175759676","410.75","297.92","USD","1.37872","TD_AEROPLAN_VISA_INFINITE_9225_Feb_05-2024.pdf"
"2024-02-05","2024-01-17","2024-01-18","WF/CA4208927856 VANCOUVER","482.99","","","","TD_AEROPLAN_VISA_INFINITE_9225_Feb_05-2024.pdf"
"2024-02-05","2024-01-20","2024-01-22","NEW YORK FRIES #123 SU CALGARY","10.17","","","","TD_AEROPLAN_VISA_INFINITE_9225_Feb_05-2024.pdf"
"2024-02-05","2024-01-20","2024-01-22","OPA028-SUNRIDGE MALL CALGARY","9.71","","","","TD_AEROPLAN_VISA_INFINITE_9225_Feb_05-2024.pdf"
"2024-02-05","2024-01-20","2024-01-22","TACTICAL LASER TAG CLASS CALGARY","63.76","","","","TD_AEROPLAN_VISA_INFINITE_9225_Feb_05-2024.pdf"
"2024-02-05","2024-01-25","2024-01-26","HUSKY 52453 CALGARY","34.63","","","","TD_AEROPLAN_VISA_INFINITE_9225_Feb_05-2024.pdf"
"2024-02-05","2024-01-27","2024-01-29","IKEA CALGARY CALGARY","255.45","","","","TD_AEROPLAN_VISA_INFINITE_9225_Feb_05-2024.pdf"
"2024-02-05","2024-01-29","2024-01-30","WF/CA4215188026 VANCOUVER","377.99","","","","TD_AEROPLAN_VISA_INFINITE_9225_Feb_05-2024.pdf"
"2024-02-05","2024-01-31","2024-02-01","DDKINJOSUSHIGRILL DOWNTOWN TOR","25.04","","","","TD_AEROPLAN_VISA_INFINITE_9225_Feb_05-2024.pdf"
"2024-02-05","2024-02-02","2024-02-05","T&T SUPERMARKET #033 CALGARY","138.70","","","","TD_AEROPLAN_VISA_INFINITE_9225_Feb_05-2024.pdf"
"2024-02-05","2024-02-02","2024-02-05","VALUE VILLAGE 2174 CALGARY","162.50","","","","TD_AEROPLAN_VISA_INFINITE_9225_Feb_05-2024.pdf"
"2024-02-05","2024-02-05","2024-02-05","RETAIL INTEREST","106.44","","","","TD_AEROPLAN_VISA_INFINITE_9225_Feb_05-2024.pdf"
"2024-03-04","2024-02-06","2024-02-06","Etsy.com*PixelBashProps Saint John","112.59","","","","TD_AEROPLAN_VISA_INFINITE_9225_Mar_04-2024.pdf"
"2024-03-04","2024-02-07","2024-02-08","WF/CA4217942566 VANCOUVER","79.79","","","","TD_AEROPLAN_VISA_INFINITE_9225_Mar_04-2024.pdf"
"2024-03-04","2024-02-08","2024-02-09","FLOORING SUPERSTORES CALGARY","-1011.99","","","","TD_AEROPLAN_VISA_INFINITE_9225_Mar_04-2024.pdf"
"2024-03-04","2024-02-08","2024-02-09","FLOORING SUPERSTORES CALGARY","-83.00","","","","TD_AEROPLAN_VISA_INFINITE_9225_Mar_04-2024.pdf"
"2024-03-04","2024-02-12","2024-02-12","PAYMENT - THANK YOU","-10.00","","","","TD_AEROPLAN_VISA_INFINITE_9225_Mar_04-2024.pdf"
"2024-03-04","2024-02-13","2024-02-14","CASTELLA CHEESECAKE (CHIN CALGARY","5.72","","","","TD_AEROPLAN_VISA_INFINITE_9225_Mar_04-2024.pdf"
"2024-03-04","2024-02-13","2024-02-14","SQ *HULA POKE Calgary","19.05","","","","TD_AEROPLAN_VISA_INFINITE_9225_Mar_04-2024.pdf"
"2024-03-04","2024-02-14","2024-02-15","DDKINJOSUSHIGRILL DOWNTOWN TOR","43.30","","","","TD_AEROPLAN_VISA_INFINITE_9225_Mar_04-2024.pdf"
"2024-03-04","2024-02-14","2024-02-15","STAPLES STORE #253 CALGARY","0.59","","","","TD_AEROPLAN_VISA_INFINITE_9225_Mar_04-2024.pdf"
"2024-03-04","2024-02-14","2024-02-15","PAYMENT - THANK YOU","-4437.42","","","","TD_AEROPLAN_VISA_INFINITE_9225_Mar_04-2024.pdf"
"2024-03-04","2024-02-15","2024-02-15","SQUARESPACE INC. HTTPSSQUARES","29.23","21.00","USD","1.39190","TD_AEROPLAN_VISA_INFINITE_9225_Mar_04-2024.pdf"
"2024-03-04","2024-02-14","2024-02-16","THE HOME DEPOT #7111 CALGARY","718.27","","","","TD_AEROPLAN_VISA_INFINITE_9225_Mar_04-2024.pdf"
"2024-03-04","2024-02-15","2024-02-16","WINSPORT/CAPTURE FROM CALGARY","152.25","","","","TD_AEROPLAN_VISA_INFINITE_9225_Mar_04-2024.pdf"
"2024-03-04","2024-02-17","2024-02-20","LULULEMONCOM* 877-263-9300","174.30","","","","TD_AEROPLAN_VISA_INFINITE_9225_Mar_04-2024.pdf"
"2024-03-04","2024-02-17","2024-02-20","SCARPONES / THE ITALIA CALGARY","5.23","","","","TD_AEROPLAN_VISA_INFINITE_9225_Mar_04-2024.pdf"
"2024-03-04","2024-02-17","2024-02-20","HUDSON'S BAY #1138 CALGARY","130.24","","","","TD_AEROPLAN_VISA_INFINITE_9225_Mar_04-2024.pdf"
"2024-03-04","2024-02-18","2024-02-20","TOYS R US ONLINE CONCORD","47.98","","","","TD_AEROPLAN_VISA_INFINITE_9225_Mar_04-2024.pdf"
"2024-03-04","2024-02-22","2024-02-23","AIRBNB * HMTFPPHKJC AIRBNB.COM","5013.24","","","","TD_AEROPLAN_VISA_INFINITE_9225_Mar_04-2024.pdf"
"2024-03-04","2024-02-23","2024-02-26","SQ *TAN ON THE RUN CALGAR CALGARY","96.60","","","","TD_AEROPLAN_VISA_INFINITE_9225_Mar_04-2024.pdf"
"2024-03-04","2024-02-23","2024-02-26","AIR CAN* 0142191008120 AIRCANADA.CO","144.11","","","","TD_AEROPLAN_VISA_INFINITE_9225_Mar_04-2024.pdf"
"2024-03-04","2024-02-25","2024-02-26","3712-CLGY RELAY D41K02 CALGARY","4.84","","","","TD_AEROPLAN_VISA_INFINITE_9225_Mar_04-2024.pdf"
"2024-03-04","2024-02-25","2024-02-27","HUDSON ST1526 RICHMOND","38.78","","","","TD_AEROPLAN_VISA_INFINITE_9225_Mar_04-2024.pdf"
"2024-03-04","2024-02-26","2024-02-27","Wise Payments Canada Inc. Ottawa","31.18","","","","TD_AEROPLAN_VISA_INFINITE_9225_Mar_04-2024.pdf"
"2024-03-04","2024-02-26","2024-02-27","SQ *MANDARIN COFFEE STAND pasadena","21.14","15.24","USD","1.38713","TD_AEROPLAN_VISA_INFINITE_9225_Mar_04-2024.pdf"
"2024-03-04","2024-02-26","2024-02-27","WHOLEFDS ARR 10237 PASADENA","27.13","19.57","USD","1.38630","TD_AEROPLAN_VISA_INFINITE_9225_Mar_04-2024.pdf"
"2024-03-04","2024-02-26","2024-02-27","T J MAXX #1264 PASADENA","116.14","83.77","USD","1.38641","TD_AEROPLAN_VISA_INFINITE_9225_Mar_04-2024.pdf"
"2024-03-04","2024-02-26","2024-02-27","PAYMENT - THANK YOU","-6339.40","","","","TD_AEROPLAN_VISA_INFINITE_9225_Mar_04-2024.pdf"
"2024-03-04","2024-02-25","2024-02-28","AIR CAN* 0144261414166 AIRCANADA.CO","31.50","","","","TD_AEROPLAN_VISA_INFINITE_9225_Mar_04-2024.pdf"
"2024-03-04","2024-02-26","2024-02-28","DSW PASEO COLORADO PASADENA","76.40","55.11","USD","1.38631","TD_AEROPLAN_VISA_INFINITE_9225_Mar_04-2024.pdf"
"2024-03-04","2024-02-27","2024-02-28","LAX RELAY LOS ANGELES","11.42","8.23","USD","1.38760","TD_AEROPLAN_VISA_INFINITE_9225_Mar_04-2024.pdf"
"2024-03-04","2024-02-27","2024-02-28","LOVE BALI *000090470 DENPASAR","13.71","154500.00","IDR","0.00008","TD_AEROPLAN_VISA_INFINITE_9225_Mar_04-2024.pdf"
"2024-03-04","2024-02-27","2024-02-28","LOVE BALI *000090473 DENPASAR","13.71","154500.00","IDR","0.00008","TD_AEROPLAN_VISA_INFINITE_9225_Mar_04-2024.pdf"
"2024-03-04","2024-02-28","2024-02-29","SHADY SHACK HO BADUNG","28.03","316000.00","IDR","0.00008","TD_AEROPLAN_VISA_INFINITE_9225_Mar_04-2024.pdf"
"2024-03-04","2024-02-28","2024-02-29","CHENG MENG GLOBAL LTD. TAOYUAN CITY","3.30","75.00","TWD","0.04400","TD_AEROPLAN_VISA_INFINITE_9225_Mar_04-2024.pdf"
"2024-03-04","2024-02-28","2024-02-29","PRISMALINK*VOA NON 3DS JAKARTA PUSA","46.09","519500.00","IDR","0.00008","TD_AEROPLAN_VISA_INFINITE_9225_Mar_04-2024.pdf"
"2024-03-04","2024-02-28","2024-02-29","PRISMALINK*VOA NON 3DS JAKARTA PUSA","46.09","519500.00","IDR","0.00008","TD_AEROPLAN_VISA_INFINITE_9225_Mar_04-2024.pdf"
"2024-03-04","2024-02-29","2024-03-01","APOTEK IFARMA BADUNG KAB.","10.60","119000.00","IDR","0.00008","TD_AEROPLAN_VISA_INFINITE_9225_Mar_04-2024.pdf"
"2024-03-04","2024-03-01","2024-03-04","PLANT BISTRO GIANYAR","15.13","170500.00","IDR","0.00008","TD_AEROPLAN_VISA_INFINITE_9225_Mar_04-2024.pdf"
"2024-03-04","2024-03-03","2024-03-04","LA BARUNA HO BADUNG","14.43","162400.00","IDR","0.00008","TD_AEROPLAN_VISA_INFINITE_9225_Mar_04-2024.pdf"
"2024-03-04","2024-03-03","2024-03-04","ROOTS HO BADUNG","42.48","478060.00","IDR","0.00008","TD_AEROPLAN_VISA_INFINITE_9225_Mar_04-2024.pdf"
"2024-03-04","2024-03-04","2024-03-04","CASH ADVANCE FEE","3.50","","","","TD_AEROPLAN_VISA_INFINITE_9225_Mar_04-2024.pdf"
"2024-03-04","2024-03-04","2024-03-04","RETAIL INTEREST","9.52","","","","TD_AEROPLAN_VISA_INFINITE_9225_Mar_04-2024.pdf"
"2024-03-04","2024-03-04","2024-03-04","CASH INTEREST","0.02","","","","TD_AEROPLAN_VISA_INFINITE_9225_Mar_04-2024.pdf"
"2024-04-03","2024-03-03","2024-03-05","6792 GUARD RUKO BALI PERE Badung","8.26","93000.00","IDR","0.00008","TD_AEROPLAN_VISA_INFINITE_9225_Apr_03-2024.pdf"
"2024-04-03","2024-03-04","2024-03-05","WARUNG MINA BEDUGUL MBL","30.15","339250.00","IDR","0.00008","TD_AEROPLAN_VISA_INFINITE_9225_Apr_03-2024.pdf"
"2024-04-03","2024-03-04","2024-03-05","SUNNYDAY HO BADUNG","15.99","180000.00","IDR","0.00008","TD_AEROPLAN_VISA_INFINITE_9225_Apr_03-2024.pdf"
"2024-04-03","2024-03-04","2024-03-05","SUNNYDAY HO BADUNG","26.57","299000.00","IDR","0.00008","TD_AEROPLAN_VISA_INFINITE_9225_Apr_03-2024.pdf"
"2024-04-03","2024-03-04","2024-03-05","NALU BOWLS CANGGU Badung (Kab)","6.16","69300.00","IDR","0.00008","TD_AEROPLAN_VISA_INFINITE_9225_Apr_03-2024.pdf"
"2024-04-03","2024-03-06","2024-03-07","CK SEMAT SHORT CUT BADUNG","4.25","48000.00","IDR","0.00008","TD_AEROPLAN_VISA_INFINITE_9225_Apr_03-2024.pdf"
"2024-04-03","2024-03-06","2024-03-07","LENA'S KITCHEN HO BADUNG","25.06","282975.00","IDR","0.00008","TD_AEROPLAN_VISA_INFINITE_9225_Apr_03-2024.pdf"
"2024-04-03","2024-03-07","2024-03-08","LOKOA CANGGU Badung","97.93","1104000.00","IDR","0.00008","TD_AEROPLAN_VISA_INFINITE_9225_Apr_03-2024.pdf"
"2024-04-03","2024-03-07","2024-03-08","LOKOA THE LABEL Badung","89.95","1014000.00","IDR","0.00008","TD_AEROPLAN_VISA_INFINITE_9225_Apr_03-2024.pdf"
"2024-04-03","2024-03-07","2024-03-08","OMA JAMU VEGAN CAF &GROCE DENPASAR","11.09","125000.00","IDR","0.00008","TD_AEROPLAN_VISA_INFINITE_9225_Apr_03-2024.pdf"
"2024-04-03","2024-03-08","2024-03-11","FRESTIVE CANGGU BADUNG","16.11","181779.00","IDR","0.00008","TD_AEROPLAN_VISA_INFINITE_9225_Apr_03-2024.pdf"
"2024-04-03","2024-03-08","2024-03-11","MOWIE'S Badung (Kab)","44.85","506000.00","IDR","0.00008","TD_AEROPLAN_VISA_INFINITE_9225_Apr_03-2024.pdf"
"2024-04-03","2024-03-09","2024-03-11","FRESTIVE CANGGU BADUNG","57.70","650000.00","IDR","0.00008","TD_AEROPLAN_VISA_INFINITE_9225_Apr_03-2024.pdf"
"2024-04-03","2024-03-09","2024-03-11","NEIGHBOURHOOD HO BADUNG","18.63","209900.00","IDR","0.00008","TD_AEROPLAN_VISA_INFINITE_9225_Apr_03-2024.pdf"
"2024-04-03","2024-03-09","2024-03-11","COPENHAGEN BERAWA Badung (Kab)","16.40","184800.00","IDR","0.00008","TD_AEROPLAN_VISA_INFINITE_9225_Apr_03-2024.pdf"
"2024-04-03","2024-03-12","2024-03-13","NEIGHBOURHOOD HO BADUNG","43.50","489800.00","IDR","0.00008","TD_AEROPLAN_VISA_INFINITE_9225_Apr_03-2024.pdf"
"2024-04-03","2024-03-12","2024-03-13","FRESTIVE CANGGU Badung (Kab)","42.90","483000.00","IDR","0.00008","TD_AEROPLAN_VISA_INFINITE_9225_Apr_03-2024.pdf"
"2024-04-03","2024-03-13","2024-03-14","LA BRISA Badung (Kab)","64.89","729800.00","IDR","0.00008","TD_AEROPLAN_VISA_INFINITE_9225_Apr_03-2024.pdf"
"2024-04-03","2024-03-14","2024-03-15","STUDIO K HO BADUNG","239.70","2697000.00","IDR","0.00008","TD_AEROPLAN_VISA_INFINITE_9225_Apr_03-2024.pdf"
"2024-04-03","2024-03-14","2024-03-15","MIA BALI ULUWATU Badung","84.43","950000.00","IDR","0.00008","TD_AEROPLAN_VISA_INFINITE_9225_Apr_03-2024.pdf"
"2024-04-03","2024-03-15","2024-03-18","BLOOD+BONE P-P HO BADUNG","66.68","748000.00","IDR","0.00008","TD_AEROPLAN_VISA_INFINITE_9225_Apr_03-2024.pdf"
"2024-04-03","2024-03-15","2024-03-18","ALCHEMY ULUWATU Badung","89.14","1000000.00","IDR","0.00008","TD_AEROPLAN_VISA_INFINITE_9225_Apr_03-2024.pdf"
"2024-04-03","2024-03-15","2024-03-18","ALCHEMY ULUWATU Badung","24.90","279257.00","IDR","0.00008","TD_AEROPLAN_VISA_INFINITE_9225_Apr_03-2024.pdf"
"2024-04-03","2024-03-15","2024-03-18","U.SPA LABUAN SAIT Badung (Kab)","6.24","70000.00","IDR","0.00008","TD_AEROPLAN_VISA_INFINITE_9225_Apr_03-2024.pdf"
"2024-04-03","2024-03-16","2024-03-18","ULUWATU SURF VILLAS HO BADUNG","84.88","953450.00","IDR","0.00008","TD_AEROPLAN_VISA_INFINITE_9225_Apr_03-2024.pdf"
"2024-04-03","2024-03-16","2024-03-18","BGS BALI ULUWATU BADUNG","4.90","55000.00","IDR","0.00008","TD_AEROPLAN_VISA_INFINITE_9225_Apr_03-2024.pdf"
"2024-04-03","2024-03-16","2024-03-18","PEPITO EXPRESS BADUNG KAB.","48.23","541751.00","IDR","0.00008","TD_AEROPLAN_VISA_INFINITE_9225_Apr_03-2024.pdf"
"2024-04-03","2024-03-17","2024-03-18","BGS BALI ULUWATU BADUNG","11.13","125000.00","IDR","0.00008","TD_AEROPLAN_VISA_INFINITE_9225_Apr_03-2024.pdf"
"2024-04-03","2024-03-17","2024-03-18","ULU ARTISAN EATERY & COCK BADUNG","14.12","158625.00","IDR","0.00008","TD_AEROPLAN_VISA_INFINITE_9225_Apr_03-2024.pdf"
"2024-04-03","2024-03-16","2024-03-19","ULU GARDEN Badung","52.94","594660.00","IDR","0.00008","TD_AEROPLAN_VISA_INFINITE_9225_Apr_03-2024.pdf"
"2024-04-03","2024-03-17","2024-03-19","ALCHEMY ULUWATU Badung","21.70","243694.00","IDR","0.00008","TD_AEROPLAN_VISA_INFINITE_9225_Apr_03-2024.pdf"
"2024-04-03","2023-11-29","2024-03-20","PURCHASE ADJUSTMENT","-321.57","","","","TD_AEROPLAN_VISA_INFINITE_9225_Apr_03-2024.pdf"
"2024-04-03","2024-03-18","2024-03-20","GOOSEBERRY RESTAURANT HO BADUNG","35.63","400200.00","IDR","0.00008","TD_AEROPLAN_VISA_INFINITE_9225_Apr_03-2024.pdf"
"2024-04-03","2024-03-19","2024-03-20","YEMA KITCHEN MBL BADUNG - BAL","34.46","388278.00","IDR","0.00008","TD_AEROPLAN_VISA_INFINITE_9225_Apr_03-2024.pdf"
"2024-04-03","2024-03-19","2024-03-20","RISE AND SHINE HO BADUNG","16.33","184000.00","IDR","0.00008","TD_AEROPLAN_VISA_INFINITE_9225_Apr_03-2024.pdf"
"2024-04-03","2024-03-20","2024-03-21","WHSMITH BADUNG","17.77","200000.00","IDR","0.00008","TD_AEROPLAN_VISA_INFINITE_9225_Apr_03-2024.pdf"
"2024-04-03","2024-03-20","2024-03-21","FINE COFFEE BADUNG","12.35","139000.00","IDR","0.00008","TD_AEROPLAN_VISA_INFINITE_9225_Apr_03-2024.pdf"
"2024-04-03","2024-03-20","2024-03-21","MADE'S WARUNG INTERNATION Badung (Kab)","19.28","217000.00","IDR","0.00008","TD_AEROPLAN_VISA_INFINITE_9225_Apr_03-2024.pdf"
"2024-04-03","2024-03-21","2024-03-22","HUDSON ST1413 CARSON","16.77","12.02","USD","1.39517","TD_AEROPLAN_VISA_INFINITE_9225_Apr_03-2024.pdf"
"2024-04-03","2024-03-22","2024-03-22","TST-Tastes on the Fly- Richmond","36.05","","","","TD_AEROPLAN_VISA_INFINITE_9225_Apr_03-2024.pdf"
"2024-04-03","2024-03-22","2024-03-25","TST* PLANTA - MARINA DEL MARINA DEL R","51.31","36.79","USD","1.39467","TD_AEROPLAN_VISA_INFINITE_9225_Apr_03-2024.pdf"
"2024-04-03","2024-03-23","2024-03-25","AIR CANADA 0144263336787 WINNIPEG","32.37","23.21","USD","1.39465","TD_AEROPLAN_VISA_INFINITE_9225_Apr_03-2024.pdf"
"2024-04-03","2024-03-23","2024-03-25","WESTJET 8382184816932 CALGARY","156.30","","","","TD_AEROPLAN_VISA_INFINITE_9225_Apr_03-2024.pdf"
"2024-04-03","2024-03-25","2024-03-26","PAYMENT - THANK YOU","-2082.30","","","","TD_AEROPLAN_VISA_INFINITE_9225_Apr_03-2024.pdf"
"2024-04-03","2024-03-28","2024-04-01","SEPHORA.CA SEPHORA.CA","161.18","","","","TD_AEROPLAN_VISA_INFINITE_9225_Apr_03-2024.pdf"
"2024-04-03","2024-03-29","2024-04-01","TI FRONT DESK 7028947111","292.63","209.75","USD","1.39513","TD_AEROPLAN_VISA_INFINITE_9225_Apr_03-2024.pdf"
"2024-04-03","2024-03-30","2024-04-01","SQ *D&J LAVIN FOOD SERVIC Calgary","6.65","","","","TD_AEROPLAN_VISA_INFINITE_9225_Apr_03-2024.pdf"
"2024-04-03","2024-03-30","2024-04-01","HCM*KINJO MILLRISE K3 ST CALGARY","80.29","","","","TD_AEROPLAN_VISA_INFINITE_9225_Apr_03-2024.pdf"
"2024-04-03","2024-04-03","2024-04-03","CINEPLEX 3150 QP ROCKY VIEW","30.68","","","","TD_AEROPLAN_VISA_INFINITE_9225_Apr_03-2024.pdf"
"2024-04-03","2024-04-03","2024-04-03","CASH INTEREST","0.03","","","","TD_AEROPLAN_VISA_INFINITE_9225_Apr_03-2024.pdf"
"2024-05-03","2024-04-06","2024-04-08","SEPHORA THE CORE CALGARY","114.81","","","","TD_AEROPLAN_VISA_INFINITE_9225_May_03-2024.pdf"
"2024-05-03","2024-04-06","2024-04-08","LES MOULINS LA FAYETTE CALGARY","7.61","","","","TD_AEROPLAN_VISA_INFINITE_9225_May_03-2024.pdf"
"2024-05-03","2024-04-06","2024-04-08","LES MOULINS LA FAYETTE CALGARY","22.52","","","","TD_AEROPLAN_VISA_INFINITE_9225_May_03-2024.pdf"
"2024-05-03","2024-04-06","2024-04-08","BARBARELLA BAR CALGARY","21.11","","","","TD_AEROPLAN_VISA_INFINITE_9225_May_03-2024.pdf"
"2024-05-03","2024-04-07","2024-04-08","GAP CANADA 9816 CALGARY","141.67","","","","TD_AEROPLAN_VISA_INFINITE_9225_May_03-2024.pdf"
"2024-05-03","2024-04-07","2024-04-08","ARITZIA CHINOOK CTR 10 CALGARY","150.31","","","","TD_AEROPLAN_VISA_INFINITE_9225_May_03-2024.pdf"
"2024-05-03","2024-04-07","2024-04-09","SHOPPERS DRUG MART #03 CALGARY","29.38","","","","TD_AEROPLAN_VISA_INFINITE_9225_May_03-2024.pdf"
"2024-05-03","2024-04-11","2024-04-12","SIMONS (CALGARY) CALGARY","124.06","","","","TD_AEROPLAN_VISA_INFINITE_9225_May_03-2024.pdf"
"2024-05-03","2024-04-11","2024-04-12","SIMONS (CALGARY) CALGARY","9.45","","","","TD_AEROPLAN_VISA_INFINITE_9225_May_03-2024.pdf"
"2024-05-03","2024-04-11","2024-04-12","INDIGOSPIRIT 079 CALGARY","21.00","","","","TD_AEROPLAN_VISA_INFINITE_9225_May_03-2024.pdf"
"2024-05-03","2024-04-11","2024-04-15","WINNERS 267 CALGARY","12.58","","","","TD_AEROPLAN_VISA_INFINITE_9225_May_03-2024.pdf"
"2024-05-03","2024-04-11","2024-04-15","THE WEDNESDAY ROOM CALGARY","107.48","","","","TD_AEROPLAN_VISA_INFINITE_9225_May_03-2024.pdf"
"2024-05-03","2024-04-12","2024-04-15","WESTJET 8384409781184 CALGARY","47.25","","","","TD_AEROPLAN_VISA_INFINITE_9225_May_03-2024.pdf"
"2024-05-03","2024-04-13","2024-04-15","THAI EXPRESS CALGARY","18.51","","","","TD_AEROPLAN_VISA_INFINITE_9225_May_03-2024.pdf"
"2024-05-03","2024-04-13","2024-04-15","HUDSON ST2172 CALGARY","14.55","","","","TD_AEROPLAN_VISA_INFINITE_9225_May_03-2024.pdf"
"2024-05-03","2024-04-13","2024-04-16","BUCA DI BEPPO LAS VEGAS","42.92","30.36","USD","1.41370","TD_AEROPLAN_VISA_INFINITE_9225_May_03-2024.pdf"
"2024-05-03","2024-04-14","2024-04-16","WESTJET CALGARY","9.99","","","","TD_AEROPLAN_VISA_INFINITE_9225_May_03-2024.pdf"
"2024-05-03","2024-04-15","2024-04-17","URTH CAFFE LAS VEGAS LAS VEGAS","38.79","27.44","USD","1.41362","TD_AEROPLAN_VISA_INFINITE_9225_May_03-2024.pdf"
"2024-05-03","2024-04-16","2024-04-17","LAS VEGAS CONVENTION CTR LAS VEGAS","37.90","26.80","USD","1.41417","TD_AEROPLAN_VISA_INFINITE_9225_May_03-2024.pdf"
"2024-05-03","2024-04-16","2024-04-17","LAS VEGAS CONVENTION CTR LAS VEGAS","27.70","19.51","USD","1.41978","TD_AEROPLAN_VISA_INFINITE_9225_May_03-2024.pdf"
"2024-05-03","2024-04-16","2024-04-18","EVOLVE ST2409 LAS VEGAS","30.20","21.27","USD","1.41984","TD_AEROPLAN_VISA_INFINITE_9225_May_03-2024.pdf"
"2024-05-03","2024-04-16","2024-04-18","WESTJET 8384409842580 CALGARY","49.08","34.70","USD","1.41440","TD_AEROPLAN_VISA_INFINITE_9225_May_03-2024.pdf"
"2024-05-03","2024-04-17","2024-04-18","TI FRONT DESK LAS VEGAS","646.57","455.78","USD","1.41860","TD_AEROPLAN_VISA_INFINITE_9225_May_03-2024.pdf"
"2024-05-03","2024-04-19","2024-04-22","HUSKY 52453 CALGARY","38.71","","","","TD_AEROPLAN_VISA_INFINITE_9225_May_03-2024.pdf"
"2024-05-03","2024-04-20","2024-04-22","SECOND CUP 9596 ROCKY VIEW C","7.61","","","","TD_AEROPLAN_VISA_INFINITE_9225_May_03-2024.pdf"
"2024-05-03","2024-04-20","2024-04-22","OLD NAVY CA 2664 CALGARY","57.47","","","","TD_AEROPLAN_VISA_INFINITE_9225_May_03-2024.pdf"
"2024-05-03","2024-04-20","2024-04-22","UA CROSS IRON MILLS ROCKY VIEW","25.73","","","","TD_AEROPLAN_VISA_INFINITE_9225_May_03-2024.pdf"
"2024-05-03","2024-04-21","2024-04-22","WINNERSHOMESENSE 416/0 ROCKY VIEW","85.00","","","","TD_AEROPLAN_VISA_INFINITE_9225_May_03-2024.pdf"
"2024-05-03","2024-04-21","2024-04-22","TIM HORTONS #6931 MORLEY","4.50","","","","TD_AEROPLAN_VISA_INFINITE_9225_May_03-2024.pdf"
"2024-05-03","2024-04-21","2024-04-23","ALBERTA PARKS EDMONTON","15.75","","","","TD_AEROPLAN_VISA_INFINITE_9225_May_03-2024.pdf"
"2024-05-03","2024-04-21","2024-04-23","BEARSPAW KANANASKIS TRAV MORLEY","12.85","","","","TD_AEROPLAN_VISA_INFINITE_9225_May_03-2024.pdf"
"2024-05-03","2024-04-22","2024-04-23","CPC SCP DIAPCUST/CU841 OTTAWA","16.29","","","","TD_AEROPLAN_VISA_INFINITE_9225_May_03-2024.pdf"
"2024-05-03","2024-04-27","2024-04-29","CANNA CABANA CALGARY","50.39","","","","TD_AEROPLAN_VISA_INFINITE_9225_May_03-2024.pdf"
"2024-05-03","2024-04-28","2024-04-30","SHOPPERS DRUG MART #03 CALGARY","44.26","","","","TD_AEROPLAN_VISA_INFINITE_9225_May_03-2024.pdf"
"2024-05-03","2024-04-29","2024-04-30","PAYMENT - THANK YOU","-2800.79","","","","TD_AEROPLAN_VISA_INFINITE_9225_May_03-2024.pdf"
"2024-05-03","2024-04-30","2024-05-01","3716-CLGY RELAY POST I CALGARY","19.93","","","","TD_AEROPLAN_VISA_INFINITE_9225_May_03-2024.pdf"
"2024-05-03","2024-04-29","2024-05-02","SOBEYS COUNTRY HILLS #548 CALGARY","29.47","","","","TD_AEROPLAN_VISA_INFINITE_9225_May_03-2024.pdf"
"2024-05-03","2024-05-03","2024-05-03","RETAIL INTEREST","26.09","","","","TD_AEROPLAN_VISA_INFINITE_9225_May_03-2024.pdf"
"2024-06-03","2024-05-04","2024-05-06","SUNWING ONBOARD SALES 416-620-4955","9.98","","","","TD_AEROPLAN_VISA_INFINITE_9225_Jun_03-2024.pdf"
"2024-06-03","2024-05-04","2024-05-06","SUNWING ONBOARD SALES 416-620-4955","5.99","","","","TD_AEROPLAN_VISA_INFINITE_9225_Jun_03-2024.pdf"
"2024-06-03","2024-05-08","2024-05-09","REAL CDN SUPERSTORE #1 CALGARY","8.40","","","","TD_AEROPLAN_VISA_INFINITE_9225_Jun_03-2024.pdf"
"2024-06-03","2024-05-09","2024-05-09","SUNWING ONBOARD SALES 416-620-4955","23.46","","","","TD_AEROPLAN_VISA_INFINITE_9225_Jun_03-2024.pdf"
"2024-06-03","2024-05-08","2024-05-10","THE HOME DEPOT #7111 CALGARY","6.28","","","","TD_AEROPLAN_VISA_INFINITE_9225_Jun_03-2024.pdf"
"2024-06-03","2024-05-09","2024-05-10","Etsy.com*HOLYWOOLRUGS Toronto","250.67","","","","TD_AEROPLAN_VISA_INFINITE_9225_Jun_03-2024.pdf"
"2024-06-03","2024-05-11","2024-05-13","IKEA CALGARY CALGARY","135.45","","","","TD_AEROPLAN_VISA_INFINITE_9225_Jun_03-2024.pdf"
"2024-06-03","2024-05-11","2024-05-13","IKEA CALGARY CALGARY","25.69","","","","TD_AEROPLAN_VISA_INFINITE_9225_Jun_03-2024.pdf"
"2024-06-03","2024-05-11","2024-05-13","HEARTS CHOICES INC. CALGARY","22.45","","","","TD_AEROPLAN_VISA_INFINITE_9225_Jun_03-2024.pdf"
"2024-06-03","2024-05-11","2024-05-13","MOORES GREENHOUSE STRATHMORE","73.50","","","","TD_AEROPLAN_VISA_INFINITE_9225_Jun_03-2024.pdf"
"2024-06-03","2024-05-11","2024-05-13","SQ *SHE BAKES BOUQUETS CALGARY","7.30","","","","TD_AEROPLAN_VISA_INFINITE_9225_Jun_03-2024.pdf"
"2024-06-03","2024-05-11","2024-05-13","MARGARITA'S TO GO CALGARY","38.50","","","","TD_AEROPLAN_VISA_INFINITE_9225_Jun_03-2024.pdf"
"2024-06-03","2024-05-12","2024-05-13","GREENGATE GARDEN CENTRES CALGARY","129.00","","","","TD_AEROPLAN_VISA_INFINITE_9225_Jun_03-2024.pdf"
"2024-06-03","2024-05-12","2024-05-14","ACE LIQUOR COUNTRY HIL CALGARY","18.99","","","","TD_AEROPLAN_VISA_INFINITE_9225_Jun_03-2024.pdf"
"2024-06-03","2024-05-12","2024-05-15","SOBEYS COUNTRY HILLS #548 CALGARY","36.70","","","","TD_AEROPLAN_VISA_INFINITE_9225_Jun_03-2024.pdf"
"2024-06-03","2024-05-15","2024-05-16","NEW YORK FRIES #219 CR ROCKYVIEW","12.59","","","","TD_AEROPLAN_VISA_INFINITE_9225_Jun_03-2024.pdf"
"2024-06-03","2024-05-15","2024-05-16","SHOPPERS DRUG MART #23 ROCKY VIEW C","171.61","","","","TD_AEROPLAN_VISA_INFINITE_9225_Jun_03-2024.pdf"
"2024-06-03","2024-05-15","2024-05-16","ALDO 1488 ROCKY VIEW","78.75","","","","TD_AEROPLAN_VISA_INFINITE_9225_Jun_03-2024.pdf"
"2024-06-03","2024-05-14","2024-05-17","WAL-MART SUPERCENTER#3013 CALGARY","60.86","","","","TD_AEROPLAN_VISA_INFINITE_9225_Jun_03-2024.pdf"
"2024-06-03","2024-05-15","2024-05-17","SHOE COMPANY # 336 ROCKY VIEW","104.99","","","","TD_AEROPLAN_VISA_INFINITE_9225_Jun_03-2024.pdf"
"2024-06-03","2024-05-16","2024-05-21","LA PREP CALGARY","20.52","","","","TD_AEROPLAN_VISA_INFINITE_9225_Jun_03-2024.pdf"
"2024-06-03","2024-05-16","2024-05-21","SANDBAR SEAFOOD RESTAURAN VANCOUVER","135.61","","","","TD_AEROPLAN_VISA_INFINITE_9225_Jun_03-2024.pdf"
"2024-06-03","2024-05-16","2024-05-21","HUDSON ST2180 CALGARY","8.39","","","","TD_AEROPLAN_VISA_INFINITE_9225_Jun_03-2024.pdf"
"2024-06-03","2024-05-17","2024-05-21","COMPASS ACCOUNT BURNABY","3.15","","","","TD_AEROPLAN_VISA_INFINITE_9225_Jun_03-2024.pdf"
"2024-06-03","2024-05-17","2024-05-21","COMPASS ACCOUNT BURNABY","3.15","","","","TD_AEROPLAN_VISA_INFINITE_9225_Jun_03-2024.pdf"
"2024-06-03","2024-05-17","2024-05-21","VICTORIA TAXI # 56 VICTORIA","27.65","","","","TD_AEROPLAN_VISA_INFINITE_9225_Jun_03-2024.pdf"
"2024-06-03","2024-05-17","2024-05-21","SQ *TACO JUSTICE VICTORIA","60.35","","","","TD_AEROPLAN_VISA_INFINITE_9225_Jun_03-2024.pdf"
"2024-06-03","2024-05-17","2024-05-21","SAVE ON FOODS #921 VICTORIA","42.56","","","","TD_AEROPLAN_VISA_INFINITE_9225_Jun_03-2024.pdf"
"2024-06-03","2024-05-17","2024-05-21","SAVE ON FOODS #940 VANCOUVER","27.22","","","","TD_AEROPLAN_VISA_INFINITE_9225_Jun_03-2024.pdf"
"2024-06-03","2024-05-18","2024-05-21","BUTCHART GARDENS GELAT BRENTWOOD BA","10.24","","","","TD_AEROPLAN_VISA_INFINITE_9225_Jun_03-2024.pdf"
"2024-06-03","2024-05-18","2024-05-21","BUTCHART GARDENS GIFT BRENTWOOD BA","38.04","","","","TD_AEROPLAN_VISA_INFINITE_9225_Jun_03-2024.pdf"
"2024-06-03","2024-05-18","2024-05-21","RAMEN ARASHI VICTORIA","60.12","","","","TD_AEROPLAN_VISA_INFINITE_9225_Jun_03-2024.pdf"
"2024-06-03","2024-05-19","2024-05-21","STARBUCKS 15971 VICTORIA","12.76","","","","TD_AEROPLAN_VISA_INFINITE_9225_Jun_03-2024.pdf"
"2024-06-03","2024-05-19","2024-05-21","VICTORIA HIGHLAND GAMES VICTORIA","20.45","","","","TD_AEROPLAN_VISA_INFINITE_9225_Jun_03-2024.pdf"
"2024-06-03","2024-05-19","2024-05-21","R PARKING VIC VICTORIA","6.00","","","","TD_AEROPLAN_VISA_INFINITE_9225_Jun_03-2024.pdf"
"2024-06-03","2024-05-19","2024-05-21","R PARKING VIC VICTORIA","6.00","","","","TD_AEROPLAN_VISA_INFINITE_9225_Jun_03-2024.pdf"
"2024-06-03","2024-05-19","2024-05-21","SQ *VINTAGE AFTER DEATH Victoria","152.25","","","","TD_AEROPLAN_VISA_INFINITE_9225_Jun_03-2024.pdf"
"2024-06-03","2024-05-19","2024-05-21","SQ *STRAWBERRY PARADE VICTORIA","15.00","","","","TD_AEROPLAN_VISA_INFINITE_9225_Jun_03-2024.pdf"
"2024-06-03","2024-05-19","2024-05-21","CAFFE FANTASTICO VICTORIA","52.84","","","","TD_AEROPLAN_VISA_INFINITE_9225_Jun_03-2024.pdf"
"2024-06-03","2024-05-19","2024-05-21","CAFFE FANTASTICO VICTORIA","56.00","","","","TD_AEROPLAN_VISA_INFINITE_9225_Jun_03-2024.pdf"
"2024-06-03","2024-05-19","2024-05-21","OSCAR & LIBBY'S TOYSTORE VICTORIA","58.24","","","","TD_AEROPLAN_VISA_INFINITE_9225_Jun_03-2024.pdf"
"2024-06-03","2024-05-19","2024-05-21","LEMON HEAVEN VICTORIA","6.60","","","","TD_AEROPLAN_VISA_INFINITE_9225_Jun_03-2024.pdf"
"2024-06-03","2024-05-19","2024-05-21","VALUE VILLAGE # 2010 VICTORIA","29.52","","","","TD_AEROPLAN_VISA_INFINITE_9225_Jun_03-2024.pdf"
"2024-06-03","2024-05-20","2024-05-21","THE DRAKE EATERY VICTORIA","84.31","","","","TD_AEROPLAN_VISA_INFINITE_9225_Jun_03-2024.pdf"
"2024-06-03","2024-05-20","2024-05-21","BCF - VANIS, SPIRIT OF VICTORIA","44.14","","","","TD_AEROPLAN_VISA_INFINITE_9225_Jun_03-2024.pdf"
"2024-06-03","2024-05-20","2024-05-21","604 -FLIGHT STOP RICHMOND","41.03","","","","TD_AEROPLAN_VISA_INFINITE_9225_Jun_03-2024.pdf"
"2024-06-03","2024-05-20","2024-05-22","COMPASS ACCOUNT BURNABY","3.15","","","","TD_AEROPLAN_VISA_INFINITE_9225_Jun_03-2024.pdf"
"2024-06-03","2024-05-22","2024-05-23","CPC SCP DIAPCUST/CU920 OTTAWA","22.18","","","","TD_AEROPLAN_VISA_INFINITE_9225_Jun_03-2024.pdf"
"2024-06-03","2024-05-22","2024-05-23","MOORES GREENHOUSE STRATHMORE","32.03","","","","TD_AEROPLAN_VISA_INFINITE_9225_Jun_03-2024.pdf"
"2024-06-03","2024-05-22","2024-05-23","PAYMENT - THANK YOU","-2413.44","","","","TD_AEROPLAN_VISA_INFINITE_9225_Jun_03-2024.pdf"
"2024-06-03","2024-05-20","2024-05-24","YELLOW CAB #36 VICTORIA","28.55","","","","TD_AEROPLAN_VISA_INFINITE_9225_Jun_03-2024.pdf"
"2024-06-03","2024-05-22","2024-05-27","SOBEYS COUNTRY HILLS #548 CALGARY","63.03","","","","TD_AEROPLAN_VISA_INFINITE_9225_Jun_03-2024.pdf"
"2024-06-03","2024-05-25","2024-05-27","SP SOLELY JANE HTTPSTRYSOLE","167.56","","","","TD_AEROPLAN_VISA_INFINITE_9225_Jun_03-2024.pdf"
"2024-06-03","2024-05-29","2024-05-31","DAIRY QUEEN #27416 CALGARY","12.89","","","","TD_AEROPLAN_VISA_INFINITE_9225_Jun_03-2024.pdf"
"2024-06-03","2024-06-01","2024-06-03","REAL CDN SUPERSTORE #1 CALGARY","113.86","","","","TD_AEROPLAN_VISA_INFINITE_9225_Jun_03-2024.pdf"
"2024-06-03","2024-06-02","2024-06-03","GREENGATE GARDEN CENTRES CALGARY","47.19","","","","TD_AEROPLAN_VISA_INFINITE_9225_Jun_03-2024.pdf"
"2024-06-03","2024-06-02","2024-06-03","GREENGATE GARDEN CENTRES CALGARY","40.91","","","","TD_AEROPLAN_VISA_INFINITE_9225_Jun_03-2024.pdf"
"2024-06-03","2024-06-02","2024-06-03","CALGARY TRANSIT CALGARY","3.70","","","","TD_AEROPLAN_VISA_INFINITE_9225_Jun_03-2024.pdf"
"2024-06-03","2024-06-02","2024-06-03","ARDENE #55 CALGARY","31.34","","","","TD_AEROPLAN_VISA_INFINITE_9225_Jun_03-2024.pdf"
"2024-06-03","2024-06-02","2024-06-03","DOLLARAMA #1346 CALGARY","17.33","","","","TD_AEROPLAN_VISA_INFINITE_9225_Jun_03-2024.pdf"
"2024-06-03","2024-06-02","2024-06-03","REAL CDN. SUPERSTORE # CALGARY","10.62","","","","TD_AEROPLAN_VISA_INFINITE_9225_Jun_03-2024.pdf"
"2024-06-03","2024-06-02","2024-06-03","SQ *HULA POKE SOUTHCENTRE Calgary","20.74","","","","TD_AEROPLAN_VISA_INFINITE_9225_Jun_03-2024.pdf"
"2024-07-03","2024-06-02","2024-06-04","HUDSON'S BAY #1164 CALGARY","62.37","","","","TD_AEROPLAN_VISA_INFINITE_9225_Jul_03-2024.pdf"
"2024-07-03","2024-06-03","2024-06-04","FISH CREEK 24 HOUR PET CALGARY","274.61","","","","TD_AEROPLAN_VISA_INFINITE_9225_Jul_03-2024.pdf"
"2024-07-03","2024-06-05","2024-06-07","THE HOME DEPOT #7111 CALGARY","41.58","","","","TD_AEROPLAN_VISA_INFINITE_9225_Jul_03-2024.pdf"
"2024-07-03","2024-06-06","2024-06-07","TAMARIND VIETNAMESE GRIL CALGARY","39.96","","","","TD_AEROPLAN_VISA_INFINITE_9225_Jul_03-2024.pdf"
"2024-07-03","2024-06-06","2024-06-07","SAFFRON STREET CALGARY","17.33","","","","TD_AEROPLAN_VISA_INFINITE_9225_Jul_03-2024.pdf"
"2024-07-03","2024-06-11","2024-06-12","SP FRAGRANCE MILKING VANCOUVER","51.50","","","","TD_AEROPLAN_VISA_INFINITE_9225_Jul_03-2024.pdf"
"2024-07-03","2024-06-11","2024-06-12","CPC SCP DIAPCUST/CU921 OTTAWA","16.97","","","","TD_AEROPLAN_VISA_INFINITE_9225_Jul_03-2024.pdf"
"2024-07-03","2024-06-13","2024-06-14","PAYMENT - THANK YOU","-1119.40","","","","TD_AEROPLAN_VISA_INFINITE_9225_Jul_03-2024.pdf"
"2024-07-03","2024-06-15","2024-06-17","WINNERSHOMESENSE 38406 CALGARY","141.72","","","","TD_AEROPLAN_VISA_INFINITE_9225_Jul_03-2024.pdf"
"2024-07-03","2024-06-15","2024-06-17","SQ *FIELD STONE FRUIT WIN Strathmore","25.00","","","","TD_AEROPLAN_VISA_INFINITE_9225_Jul_03-2024.pdf"
"2024-07-03","2024-06-15","2024-06-17","SQ *SABORES MEXICAN CUISI Calgary","10.00","","","","TD_AEROPLAN_VISA_INFINITE_9225_Jul_03-2024.pdf"
"2024-07-03","2024-06-15","2024-06-17","SQ *SUNWORKS FARM/FORK IN Calgary","6.00","","","","TD_AEROPLAN_VISA_INFINITE_9225_Jul_03-2024.pdf"
"2024-07-03","2024-06-15","2024-06-17","SHIJO CAFE CALGARY","32.36","","","","TD_AEROPLAN_VISA_INFINITE_9225_Jul_03-2024.pdf"
"2024-07-03","2024-06-19","2024-06-20","IKEA.CA ONLINE BURLINGTON","57.65","","","","TD_AEROPLAN_VISA_INFINITE_9225_Jul_03-2024.pdf"
"2024-07-03","2024-06-20","2024-06-21","BLUENOTES 9839 ROCKY VIEW","52.46","","","","TD_AEROPLAN_VISA_INFINITE_9225_Jul_03-2024.pdf"
"2024-07-03","2024-06-20","2024-06-21","SEPHORA CROSS IRON ROCKY VIEW","40.95","","","","TD_AEROPLAN_VISA_INFINITE_9225_Jul_03-2024.pdf"
"2024-07-03","2024-06-20","2024-06-21","SQ *HULA CROSS IRON MILLS Balzac","24.15","","","","TD_AEROPLAN_VISA_INFINITE_9225_Jul_03-2024.pdf"
"2024-07-03","2024-06-21","2024-06-21","La Senza 7336 Rockyview","20.95","","","","TD_AEROPLAN_VISA_INFINITE_9225_Jul_03-2024.pdf"
"2024-07-03","2024-06-20","2024-06-24","DSW #551 ROCKY VIEW","94.48","","","","TD_AEROPLAN_VISA_INFINITE_9225_Jul_03-2024.pdf"
"2024-07-03","2024-06-20","2024-06-24","LA VIE EN ROSE INC #831 ROCKY VIEW C","37.64","","","","TD_AEROPLAN_VISA_INFINITE_9225_Jul_03-2024.pdf"
"2024-07-03","2024-06-21","2024-06-24","STARBUCKS COFFEE #2626 CALGARY","9.35","","","","TD_AEROPLAN_VISA_INFINITE_9225_Jul_03-2024.pdf"
"2024-07-03","2024-06-28","2024-07-02","UPPBEAT PREMIUM LEEDS","66.99","","","","TD_AEROPLAN_VISA_INFINITE_9225_Jul_03-2024.pdf"
"2024-07-03","2024-07-01","2024-07-03","3716-CLGY RELAY POST I CALGARY","51.15","","","","TD_AEROPLAN_VISA_INFINITE_9225_Jul_03-2024.pdf"
"2024-07-03","2024-07-01","2024-07-03","A&W # 1577 CALGARY","10.17","","","","TD_AEROPLAN_VISA_INFINITE_9225_Jul_03-2024.pdf"
"2024-07-03","2024-07-01","2024-07-03","LUFTHANSA 2202608920903 TORONTO","150.00","","","","TD_AEROPLAN_VISA_INFINITE_9225_Jul_03-2024.pdf"
"2024-07-03","2024-07-02","2024-07-03","YAROSLAV BORYSYUK SPEKTRU KRAKOW","16.27","46.00","PLN","0.35369","TD_AEROPLAN_VISA_INFINITE_9225_Jul_03-2024.pdf"
"2024-07-03","2024-07-02","2024-07-03","AWIW SP Z OO KRAKOW","177.55","502.00","PLN","0.35368","TD_AEROPLAN_VISA_INFINITE_9225_Jul_03-2024.pdf"
"2024-07-03","2024-07-02","2024-07-03","FUNDACJA Warszawa","7.07","20.00","PLN","0.35350","TD_AEROPLAN_VISA_INFINITE_9225_Jul_03-2024.pdf"
"2024-07-03","2024-07-02","2024-07-03","PAYMENT - THANK YOU","-552.71","","","","TD_AEROPLAN_VISA_INFINITE_9225_Jul_03-2024.pdf"
"2024-08-06","2024-07-04","2024-07-05","MZH976 ZHOVKVA","4.31","125.00","UAH","0.03447","TD_AEROPLAN_VISA_INFINITE_9225_Aug_06-2024.pdf"
"2024-08-06","2024-07-05","2024-07-08","MZH976 ZHOVKVA","18.46","538.00","UAH","0.03431","TD_AEROPLAN_VISA_INFINITE_9225_Aug_06-2024.pdf"
"2024-08-06","2024-07-14","2024-07-15","MAGAZIN LVOV","94.07","2750.00","UAH","0.03420","TD_AEROPLAN_VISA_INFINITE_9225_Aug_06-2024.pdf"
"2024-08-06","2024-07-14","2024-07-15","KIKOMILANO1LVIV LVOV","14.68","429.00","UAH","0.03421","TD_AEROPLAN_VISA_INFINITE_9225_Aug_06-2024.pdf"
"2024-08-06","2024-07-14","2024-07-15","MAGAZINODJAGUGOLDI LVOV","13.65","399.00","UAH","0.03421","TD_AEROPLAN_VISA_INFINITE_9225_Aug_06-2024.pdf"
"2024-08-06","2024-07-15","2024-07-16","VSIMEBLITUT ZHOVKVA","218.95","6400.00","UAH","0.03421","TD_AEROPLAN_VISA_INFINITE_9225_Aug_06-2024.pdf"
"2024-08-06","2024-07-18","2024-07-19","TSVZ ZHOVKVA ZHOVKVA","56.96","1673.00","UAH","0.03404","TD_AEROPLAN_VISA_INFINITE_9225_Aug_06-2024.pdf"
"2024-08-06","2024-07-20","2024-07-22","Szlaban Cafe Krakow","52.00","145.00","PLN","0.35862","TD_AEROPLAN_VISA_INFINITE_9225_Aug_06-2024.pdf"
"2024-08-06","2024-07-20","2024-07-22","UBER *EATS HELP.UBER.CO","26.38","73.58","PLN","0.35852","TD_AEROPLAN_VISA_INFINITE_9225_Aug_06-2024.pdf"
"2024-08-06","2024-07-21","2024-07-22","UBER *TRIP HELP.UBER.CO","22.10","61.62","PLN","0.35864","TD_AEROPLAN_VISA_INFINITE_9225_Aug_06-2024.pdf"
"2024-08-06","2024-07-21","2024-07-22","LUFTHANSA 2204028235568 48662171465","77.24","215.39","PLN","0.35860","TD_AEROPLAN_VISA_INFINITE_9225_Aug_06-2024.pdf"
"2024-08-06","2024-07-21","2024-07-22","LUFTHANSA 2204028235569 48662171465","77.24","215.39","PLN","0.35860","TD_AEROPLAN_VISA_INFINITE_9225_Aug_06-2024.pdf"
"2024-08-06","2024-07-22","2024-07-23","EUROWINGS DISCOVER KOELN","12.12","7.90","EUR","1.53417","TD_AEROPLAN_VISA_INFINITE_9225_Aug_06-2024.pdf"
"2024-08-06","2024-07-23","2024-07-24","NEW YORK FRIES #219 CR ROCKYVIEW","12.59","","","","TD_AEROPLAN_VISA_INFINITE_9225_Aug_06-2024.pdf"
"2024-08-06","2024-07-24","2024-07-25","ARITZIA SOUTH CENTRE 1 CALGARY","159.59","","","","TD_AEROPLAN_VISA_INFINITE_9225_Aug_06-2024.pdf"
"2024-08-06","2024-07-24","2024-07-26","SEPHORA SOUTH CALGARY CALGARY","64.58","","","","TD_AEROPLAN_VISA_INFINITE_9225_Aug_06-2024.pdf"
"2024-08-06","2024-07-24","2024-07-29","SOBEYS MILLRISE #5064 CALGARY","25.32","","","","TD_AEROPLAN_VISA_INFINITE_9225_Aug_06-2024.pdf"
"2024-08-06","2024-07-26","2024-07-29","THE HOME DEPOT #7076 CALGARY","145.39","","","","TD_AEROPLAN_VISA_INFINITE_9225_Aug_06-2024.pdf"
"2024-08-06","2024-07-26","2024-07-29","PIZZA MARU KITCHEN + BAR CALGARY","57.70","","","","TD_AEROPLAN_VISA_INFINITE_9225_Aug_06-2024.pdf"
"2024-08-06","2024-07-27","2024-07-29","HELENS PLACE CALGARY","84.70","","","","TD_AEROPLAN_VISA_INFINITE_9225_Aug_06-2024.pdf"
"2024-08-06","2024-07-27","2024-07-29","MICHAELS 3912 CALGARY","56.64","","","","TD_AEROPLAN_VISA_INFINITE_9225_Aug_06-2024.pdf"
"2024-08-06","2024-07-28","2024-07-30","VALUE VILLAGE # 2132 CALGARY","51.48","","","","TD_AEROPLAN_VISA_INFINITE_9225_Aug_06-2024.pdf"
"2024-08-06","2024-07-28","2024-07-30","SHELL C21720 CALGARY","2.51","","","","TD_AEROPLAN_VISA_INFINITE_9225_Aug_06-2024.pdf"
"2024-08-06","2024-07-28","2024-07-30","WESTJET 8382189137439 CALGARY","125.97","","","","TD_AEROPLAN_VISA_INFINITE_9225_Aug_06-2024.pdf"
"2024-08-06","2024-08-01","2024-08-02","WINNERS 465 CALGARY","102.87","","","","TD_AEROPLAN_VISA_INFINITE_9225_Aug_06-2024.pdf"
"2024-08-06","2024-08-01","2024-08-02","MICHAELS #3935 CALGARY","10.49","","","","TD_AEROPLAN_VISA_INFINITE_9225_Aug_06-2024.pdf"
"2024-08-06","2024-08-02","2024-08-06","Etsy.com*PathosCollection Toronto","57.73","","","","TD_AEROPLAN_VISA_INFINITE_9225_Aug_06-2024.pdf"
"2024-08-06","2024-08-03","2024-08-06","GOODWILL PLAZA STORE CALGARY","58.00","","","","TD_AEROPLAN_VISA_INFINITE_9225_Aug_06-2024.pdf"
"2024-08-06","2024-08-03","2024-08-06","VALUE VILLAGE #2162 CALGARY","62.46","","","","TD_AEROPLAN_VISA_INFINITE_9225_Aug_06-2024.pdf"
"2024-08-06","2024-08-06","2024-08-06","RETAIL INTEREST","17.08","","","","TD_AEROPLAN_VISA_INFINITE_9225_Aug_06-2024.pdf"
"2024-09-04","2024-08-06","2024-08-07","FlairAir - B7WJPG EDMONTON","620.02","","","","TD_AEROPLAN_VISA_INFINITE_9225_Sep_04-2024.pdf"
"2024-09-04","2024-08-06","2024-08-07","PAYMENT - THANK YOU","-2067.19","","","","TD_AEROPLAN_VISA_INFINITE_9225_Sep_04-2024.pdf"
"2024-09-04","2024-08-08","2024-08-09","SQ *TOWNSITE OF REDWOOD M REDWOOD MEAD","13.50","","","","TD_AEROPLAN_VISA_INFINITE_9225_Sep_04-2024.pdf"
"2024-09-04","2024-08-09","2024-08-12","UBER CANADA/UBERTRIP TORONTO","33.94","","","","TD_AEROPLAN_VISA_INFINITE_9225_Sep_04-2024.pdf"
"2024-09-04","2024-08-09","2024-08-12","UBER CANADA/UBERTRIP TORONTO","57.92","","","","TD_AEROPLAN_VISA_INFINITE_9225_Sep_04-2024.pdf"
"2024-09-04","2024-08-11","2024-08-13","VALUE VILLAGE #2165 CALGARY","103.70","","","","TD_AEROPLAN_VISA_INFINITE_9225_Sep_04-2024.pdf"
"2024-09-04","2024-08-12","2024-08-14","3710-CLGY RELAY D81Q02 CALGARY","16.56","","","","TD_AEROPLAN_VISA_INFINITE_9225_Sep_04-2024.pdf"
"2024-09-04","2024-08-12","2024-08-14","LA PREP CALGARY","12.59","","","","TD_AEROPLAN_VISA_INFINITE_9225_Sep_04-2024.pdf"
"2024-09-04","2024-08-13","2024-08-14","UBER* TRIP HTTPSWWW.UBE","49.13","","","","TD_AEROPLAN_VISA_INFINITE_9225_Sep_04-2024.pdf"
"2024-09-04","2024-08-13","2024-08-14","FLAIR-VERSILIA-SALES 447-4699292","10.11","","","","TD_AEROPLAN_VISA_INFINITE_9225_Sep_04-2024.pdf"
"2024-09-04","2024-08-13","2024-08-14","OEB BREAKFAST CO. TORONTO","18.31","","","","TD_AEROPLAN_VISA_INFINITE_9225_Sep_04-2024.pdf"
"2024-09-04","2024-08-13","2024-08-14","UBER CANADA/UBERTRIP TORONTO","77.25","","","","TD_AEROPLAN_VISA_INFINITE_9225_Sep_04-2024.pdf"
"2024-09-04","2024-08-13","2024-08-14","UBER CANADA/UBERTRIP TORONTO","8.60","","","","TD_AEROPLAN_VISA_INFINITE_9225_Sep_04-2024.pdf"
"2024-09-04","2024-08-13","2024-08-14","1828-TOR INK TERM 3 RD MISSISSAUGA","26.45","","","","TD_AEROPLAN_VISA_INFINITE_9225_Sep_04-2024.pdf"
"2024-09-04","2024-08-13","2024-08-15","VALUE VILLAGE #2167 TORONTO","12.42","","","","TD_AEROPLAN_VISA_INFINITE_9225_Sep_04-2024.pdf"
"2024-09-04","2024-08-13","2024-08-15","PANTAGES HOTEL SUITES TORONTO","615.67","","","","TD_AEROPLAN_VISA_INFINITE_9225_Sep_04-2024.pdf"
"2024-09-04","2024-08-15","2024-08-16","FLAIR-VERSILIA-SALES 447-4699292","19.87","","","","TD_AEROPLAN_VISA_INFINITE_9225_Sep_04-2024.pdf"
"2024-09-04","2024-08-16","2024-08-19","UBER CANADA/UBEREATS TORONTO","31.99","","","","TD_AEROPLAN_VISA_INFINITE_9225_Sep_04-2024.pdf"
"2024-09-04","2024-08-18","2024-08-19","TACO TIME AB109 CALGARY","23.12","","","","TD_AEROPLAN_VISA_INFINITE_9225_Sep_04-2024.pdf"
"2024-09-04","2024-08-19","2024-08-20","FOTODIOX INC. US HTTPSFOTODIO","227.44","162.02","USD","1.40377","TD_AEROPLAN_VISA_INFINITE_9225_Sep_04-2024.pdf"
"2024-09-04","2024-08-24","2024-08-26","CPA - PAY MACHINE CALGARY","2.00","","","","TD_AEROPLAN_VISA_INFINITE_9225_Sep_04-2024.pdf"
"2024-09-04","2024-08-24","2024-08-26","SECOND CUP CAFE 9750 CALGARY","54.71","","","","TD_AEROPLAN_VISA_INFINITE_9225_Sep_04-2024.pdf"
"2024-09-04","2024-08-24","2024-08-26","CACTUS CLUB STEPHEN AV CALGARY","34.02","","","","TD_AEROPLAN_VISA_INFINITE_9225_Sep_04-2024.pdf"
"2024-09-04","2024-08-25","2024-08-26","STARBUCKS 04272 CALGARY","11.66","","","","TD_AEROPLAN_VISA_INFINITE_9225_Sep_04-2024.pdf"
"2024-09-04","2024-08-25","2024-08-26","SECOND CUP CAFE 9750 CALGARY","34.19","","","","TD_AEROPLAN_VISA_INFINITE_9225_Sep_04-2024.pdf"
"2024-09-04","2024-08-24","2024-08-27","SAFEWAY #8820 CALGARY","10.44","","","","TD_AEROPLAN_VISA_INFINITE_9225_Sep_04-2024.pdf"
"2024-09-04","2024-08-27","2024-08-28","UBER CANADA/UBERTRIP TORONTO","18.13","","","","TD_AEROPLAN_VISA_INFINITE_9225_Sep_04-2024.pdf"
"2024-09-04","2024-08-27","2024-08-29","ALASKA AIR 0272380714664 RICHMOND","36.75","","","","TD_AEROPLAN_VISA_INFINITE_9225_Sep_04-2024.pdf"
"2024-09-04","2024-08-27","2024-08-29","HUDSON ST2172 CALGARY","31.75","","","","TD_AEROPLAN_VISA_INFINITE_9225_Sep_04-2024.pdf"
"2024-09-04","2024-08-30","2024-09-03","UBER CANADA/UBERTRIP TORONTO","19.47","","","","TD_AEROPLAN_VISA_INFINITE_9225_Sep_04-2024.pdf"
"2024-09-04","2024-08-30","2024-09-03","UBER CANADA/UBERTRIP TORONTO","1.00","","","","TD_AEROPLAN_VISA_INFINITE_9225_Sep_04-2024.pdf"
"2024-09-04","2024-08-30","2024-09-03","ALASKA AIR IN FLIGHT SEATAC","11.07","8.00","USD","1.38375","TD_AEROPLAN_VISA_INFINITE_9225_Sep_04-2024.pdf"
"2024-09-04","2024-08-30","2024-09-03","FIRST CLASS CONCESSION GOLETA","12.39","8.96","USD","1.38281","TD_AEROPLAN_VISA_INFINITE_9225_Sep_04-2024.pdf"
"2024-09-04","2024-09-02","2024-09-03","UNCLE TETSU CROSSIRON MIL ROCKY VIEW C","21.70","","","","TD_AEROPLAN_VISA_INFINITE_9225_Sep_04-2024.pdf"
"2024-09-04","2024-09-03","2024-09-04","PAYMENT - THANK YOU","-2407.51","","","","TD_AEROPLAN_VISA_INFINITE_9225_Sep_04-2024.pdf"
"2024-10-03","2024-09-05","2024-09-05","GoFundMe Support Ashley s GOFUNDME.COM","162.73","117.00","USD","1.39085","TD_AEROPLAN_VISA_INFINITE_9225_Oct_03-2024.pdf"
"2024-10-03","2024-09-05","2024-09-06","SQ *BUTTERBLOCK&CO CALGARY","20.00","","","","TD_AEROPLAN_VISA_INFINITE_9225_Oct_03-2024.pdf"
"2024-10-03","2024-09-05","2024-09-06","SQ *BUTTERBLOCK&CO CALGARY","25.00","","","","TD_AEROPLAN_VISA_INFINITE_9225_Oct_03-2024.pdf"
"2024-10-03","2024-09-07","2024-09-09","LM Country Hills Country Hill","6.68","","","","TD_AEROPLAN_VISA_INFINITE_9225_Oct_03-2024.pdf"
"2024-10-03","2024-09-09","2024-09-10","UBER CANADA/UBEREATS TORONTO","30.16","","","","TD_AEROPLAN_VISA_INFINITE_9225_Oct_03-2024.pdf"
"2024-10-03","2024-09-09","2024-09-10","UBER CANADA/UBERTRIP TORONTO","23.99","","","","TD_AEROPLAN_VISA_INFINITE_9225_Oct_03-2024.pdf"
"2024-10-03","2024-09-11","2024-09-11","Etsy.com*HockleyJewellery Toronto","50.18","","","","TD_AEROPLAN_VISA_INFINITE_9225_Oct_03-2024.pdf"
"2024-10-03","2024-09-12","2024-09-13","TAJ KABOB AFGHAN STREET WWW.NONE.COM","20.46","","","","TD_AEROPLAN_VISA_INFINITE_9225_Oct_03-2024.pdf"
"2024-10-03","2024-09-18","2024-09-19","CPA - PAY MACHINE CALGARY","1.42","","","","TD_AEROPLAN_VISA_INFINITE_9225_Oct_03-2024.pdf"
"2024-10-03","2024-09-18","2024-09-20","THE PORCH CALGARY","36.56","","","","TD_AEROPLAN_VISA_INFINITE_9225_Oct_03-2024.pdf"
"2024-10-03","2024-09-19","2024-09-20","UBER CANADA/UBERTRIP TORONTO","29.16","","","","TD_AEROPLAN_VISA_INFINITE_9225_Oct_03-2024.pdf"
"2024-10-03","2024-09-19","2024-09-20","UBER CANADA/UBERTRIP TORONTO","18.20","","","","TD_AEROPLAN_VISA_INFINITE_9225_Oct_03-2024.pdf"
"2024-10-03","2024-09-19","2024-09-20","UBER CANADA/UBERTRIP TORONTO","25.60","","","","TD_AEROPLAN_VISA_INFINITE_9225_Oct_03-2024.pdf"
"2024-10-03","2024-09-19","2024-09-20","GRAY MONK ESTATES WINERY LAKE COUNTRY","64.14","","","","TD_AEROPLAN_VISA_INFINITE_9225_Oct_03-2024.pdf"
"2024-10-03","2024-09-19","2024-09-20","KELOWNA CABS 202 KELOWNA","32.55","","","","TD_AEROPLAN_VISA_INFINITE_9225_Oct_03-2024.pdf"
"2024-10-03","2024-09-19","2024-09-20","LB TAPHOUSE -CONC CYYC CALGARY","19.82","","","","TD_AEROPLAN_VISA_INFINITE_9225_Oct_03-2024.pdf"
"2024-10-03","2024-09-19","2024-09-20","3719-CLGY RUNDLEMRKT CALGARY","9.02","","","","TD_AEROPLAN_VISA_INFINITE_9225_Oct_03-2024.pdf"
"2024-10-03","2024-09-19","2024-09-23","SAVE ON FOODS #2226 LAKE COUNTRY","195.53","","","","TD_AEROPLAN_VISA_INFINITE_9225_Oct_03-2024.pdf"
"2024-10-03","2024-09-19","2024-09-23","KELOWNA CABS 47 KELOWNA","27.85","","","","TD_AEROPLAN_VISA_INFINITE_9225_Oct_03-2024.pdf"
"2024-10-03","2024-09-20","2024-09-23","SQ *THE SALTY CARAMEL KIT Lake Country","25.41","","","","TD_AEROPLAN_VISA_INFINITE_9225_Oct_03-2024.pdf"
"2024-10-03","2024-09-20","2024-09-23","BNA BREWING CO KELOWNA","23.75","","","","TD_AEROPLAN_VISA_INFINITE_9225_Oct_03-2024.pdf"
"2024-10-03","2024-09-20","2024-09-23","PERCH SKY LOUNGE KELOWNA","114.61","","","","TD_AEROPLAN_VISA_INFINITE_9225_Oct_03-2024.pdf"
"2024-10-03","2024-09-21","2024-09-23","BLOCK ONE RESTAURANT WINFIELD","86.80","","","","TD_AEROPLAN_VISA_INFINITE_9225_Oct_03-2024.pdf"
"2024-10-03","2024-09-22","2024-09-24","YLW WHITE SPOT POST-SEC KELOWNA","25.95","","","","TD_AEROPLAN_VISA_INFINITE_9225_Oct_03-2024.pdf"
"2024-10-03","2024-09-22","2024-09-24","YLW RETAIL PRE-SECURITY # KELOWNA","3.66","","","","TD_AEROPLAN_VISA_INFINITE_9225_Oct_03-2024.pdf"
"2024-10-03","2024-09-23","2024-09-24","STAPLES STORE #253 CALGARY","0.59","","","","TD_AEROPLAN_VISA_INFINITE_9225_Oct_03-2024.pdf"
"2024-10-03","2024-09-23","2024-09-25","CANADIAN TIRE #496 CALGARY","25.29","","","","TD_AEROPLAN_VISA_INFINITE_9225_Oct_03-2024.pdf"
"2024-10-03","2024-09-27","2024-09-27","GARAGE/DYNAMITE 888-882-1138","83.90","","","","TD_AEROPLAN_VISA_INFINITE_9225_Oct_03-2024.pdf"
"2024-10-03","2024-09-29","2024-10-01","LYNX RIDGE GOLF CLUB Calgary","26.56","","","","TD_AEROPLAN_VISA_INFINITE_9225_Oct_03-2024.pdf"
"2024-10-03","2024-10-03","2024-10-03","RETAIL INTEREST","34.96","","","","TD_AEROPLAN_VISA_INFINITE_9225_Oct_03-2024.pdf"
"2024-10-03","2024-10-03","2024-10-03","ANNUAL FEE","139.00","","","","TD_AEROPLAN_VISA_INFINITE_9225_Oct_03-2024.pdf"
"2024-11-04","2024-10-02","2024-10-07","SOBEYS COUNTRY HILLS #548 CALGARY","29.47","","","","TD_AEROPLAN_VISA_INFINITE_9225_Nov_04-2024.pdf"
"2024-11-04","2024-10-05","2024-10-07","SP VEGANSUPPLY.CA SURREY","91.78","","","","TD_AEROPLAN_VISA_INFINITE_9225_Nov_04-2024.pdf"
"2024-11-04","2024-10-05","2024-10-07","LS BEELAND SPILLIMACHEE","15.00","","","","TD_AEROPLAN_VISA_INFINITE_9225_Nov_04-2024.pdf"
"2024-11-04","2024-10-05","2024-10-07","TOTALITEA CALGARY","66.50","","","","TD_AEROPLAN_VISA_INFINITE_9225_Nov_04-2024.pdf"
"2024-11-04","2024-10-05","2024-10-07","JELLY MODERN DOUGHNUTS CA CALGARY","4.15","","","","TD_AEROPLAN_VISA_INFINITE_9225_Nov_04-2024.pdf"
"2024-11-04","2024-10-05","2024-10-07","SQ *RED BARN MERCANTILE - Calgary","69.30","","","","TD_AEROPLAN_VISA_INFINITE_9225_Nov_04-2024.pdf"
"2024-11-04","2024-10-05","2024-10-07","LE'S VIETNAMESE FOOD AND CALGARY","11.54","","","","TD_AEROPLAN_VISA_INFINITE_9225_Nov_04-2024.pdf"
"2024-11-04","2024-10-05","2024-10-07","MARKET SEAFOOD CALGARY","13.90","","","","TD_AEROPLAN_VISA_INFINITE_9225_Nov_04-2024.pdf"
"2024-11-04","2024-10-05","2024-10-07","THE HOME DEPOT #7063 CALGARY","-18.00","","","","TD_AEROPLAN_VISA_INFINITE_9225_Nov_04-2024.pdf"
"2024-11-04","2024-10-06","2024-10-07","EDDIE BAUER CANADA #48 CALGARY","49.88","","","","TD_AEROPLAN_VISA_INFINITE_9225_Nov_04-2024.pdf"
"2024-11-04","2024-10-06","2024-10-07","7-ELEVEN STORE #37795 CALGARY","19.00","","","","TD_AEROPLAN_VISA_INFINITE_9225_Nov_04-2024.pdf"
"2024-11-04","2024-10-06","2024-10-07","GRIZZLY PAW BREWERY CANMORE","105.32","","","","TD_AEROPLAN_VISA_INFINITE_9225_Nov_04-2024.pdf"
"2024-11-04","2024-10-06","2024-10-08","ALBERTA PARKS EDMONTON","15.75","","","","TD_AEROPLAN_VISA_INFINITE_9225_Nov_04-2024.pdf"
"2024-11-04","2024-10-07","2024-10-08","PAYMENT - THANK YOU","-1455.16","","","","TD_AEROPLAN_VISA_INFINITE_9225_Nov_04-2024.pdf"
"2024-11-04","2024-10-07","2024-10-09","PETERS' DRIVE IN LTD. CALGARY","30.61","","","","TD_AEROPLAN_VISA_INFINITE_9225_Nov_04-2024.pdf"
"2024-11-04","2024-10-14","2024-10-15","REVOLVE CLOTHING.COM (888) 442-58","199.60","141.25","USD","1.41309","TD_AEROPLAN_VISA_INFINITE_9225_Nov_04-2024.pdf"
"2024-11-04","2024-10-14","2024-10-15","TREND CLOTHING COMPANY CALGARY","323.40","","","","TD_AEROPLAN_VISA_INFINITE_9225_Nov_04-2024.pdf"
"2024-11-04","2024-10-14","2024-10-15","REGAL CAT CAFE CALGARY","30.49","","","","TD_AEROPLAN_VISA_INFINITE_9225_Nov_04-2024.pdf"
"2024-11-04","2024-10-14","2024-10-15","NANAO KIMONO INC CALGARY","8.38","","","","TD_AEROPLAN_VISA_INFINITE_9225_Nov_04-2024.pdf"
"2024-11-04","2024-10-15","2024-10-16","UBER CANADA/UBERTRIP TORONTO","24.85","","","","TD_AEROPLAN_VISA_INFINITE_9225_Nov_04-2024.pdf"
"2024-11-04","2024-10-15","2024-10-16","UBER CANADA/UBERTRIP TORONTO","26.92","","","","TD_AEROPLAN_VISA_INFINITE_9225_Nov_04-2024.pdf"
"2024-11-04","2024-10-16","2024-10-17","CPA - PAY MACHINE CALGARY","4.75","","","","TD_AEROPLAN_VISA_INFINITE_9225_Nov_04-2024.pdf"
"2024-11-04","2024-10-16","2024-10-17","TACO TIME AB109 CALGARY","10.79","","","","TD_AEROPLAN_VISA_INFINITE_9225_Nov_04-2024.pdf"
"2024-11-04","2024-10-16","2024-10-18","PETERS' DRIVE IN LTD. CALGARY","14.28","","","","TD_AEROPLAN_VISA_INFINITE_9225_Nov_04-2024.pdf"
"2024-11-04","2024-10-19","2024-10-21","UBER CANADA/UBERTRIP TORONTO","50.15","","","","TD_AEROPLAN_VISA_INFINITE_9225_Nov_04-2024.pdf"
"2024-11-04","2024-10-19","2024-10-21","UBER CANADA/UBERTRIP TORONTO","48.29","","","","TD_AEROPLAN_VISA_INFINITE_9225_Nov_04-2024.pdf"
"2024-11-04","2024-10-20","2024-10-21","SEPHORA.CA SEPHORA.CA","137.55","","","","TD_AEROPLAN_VISA_INFINITE_9225_Nov_04-2024.pdf"
"2024-11-04","2024-10-28","2024-10-29","UBER* TRIP HTTPSWWW.UBE","16.93","","","","TD_AEROPLAN_VISA_INFINITE_9225_Nov_04-2024.pdf"
"2024-11-04","2024-10-28","2024-10-29","COBS Bread CALGARY","6.65","","","","TD_AEROPLAN_VISA_INFINITE_9225_Nov_04-2024.pdf"
"2024-11-04","2024-10-30","2024-10-31","PAYMENT - THANK YOU","-1407.23","","","","TD_AEROPLAN_VISA_INFINITE_9225_Nov_04-2024.pdf"
"2024-11-04","2024-11-04","2024-11-04","RETAIL INTEREST","0.14","","","","TD_AEROPLAN_VISA_INFINITE_9225_Nov_04-2024.pdf"
"2024-12-03","2024-11-07","2024-11-12","AIR CAN* 0142108244254 AIRCANADA.CO","412.80","","","","TD_AEROPLAN_VISA_INFINITE_9225_Dec_03-2024.pdf"
"2024-12-03","2024-11-14","2024-11-14","BURGER KING # 12848 CALGARY","22.87","","","","TD_AEROPLAN_VISA_INFINITE_9225_Dec_03-2024.pdf"
"2024-12-03","2024-11-16","2024-11-18","WESTJET 8384414266854 CALGARY","47.25","","","","TD_AEROPLAN_VISA_INFINITE_9225_Dec_03-2024.pdf"
"2024-12-03","2024-11-17","2024-11-18","HANGAWI NEW YORK","119.27","82.48","USD","1.44604","TD_AEROPLAN_VISA_INFINITE_9225_Dec_03-2024.pdf"
"2024-12-03","2024-11-17","2024-11-18","OPA] 103 YYC AIRPORT CALGARY","10.13","","","","TD_AEROPLAN_VISA_INFINITE_9225_Dec_03-2024.pdf"
"2024-12-03","2024-11-17","2024-11-19","BESFREN BEAUTY 3 NEW YORK","26.93","18.62","USD","1.44629","TD_AEROPLAN_VISA_INFINITE_9225_Dec_03-2024.pdf"
"2024-12-03","2024-11-17","2024-11-19","HUDSON ST2172 CALGARY","13.19","","","","TD_AEROPLAN_VISA_INFINITE_9225_Dec_03-2024.pdf"
"2024-12-03","2024-11-18","2024-11-19","UBER CANADA/UBERTRIP TORONTO","1.00","","","","TD_AEROPLAN_VISA_INFINITE_9225_Dec_03-2024.pdf"
"2024-12-03","2024-11-19","2024-11-19","TST* GREGORY'S COFFEE - G NEW YORK","7.50","5.19","USD","1.44508","TD_AEROPLAN_VISA_INFINITE_9225_Dec_03-2024.pdf"
"2024-12-03","2024-11-19","2024-11-20","UBER *TRIP HELP.UBER.CO","65.05","44.99","USD","1.44587","TD_AEROPLAN_VISA_INFINITE_9225_Dec_03-2024.pdf"
"2024-12-03","2024-11-20","2024-11-20","UBER *TRIP HELP.UBER.CO","33.24","22.99","USD","1.44584","TD_AEROPLAN_VISA_INFINITE_9225_Dec_03-2024.pdf"
"2024-12-03","2024-11-19","2024-11-21","TST*TWO BOOTS - UWS New York","25.80","17.84","USD","1.44618","TD_AEROPLAN_VISA_INFINITE_9225_Dec_03-2024.pdf"
"2024-12-03","2024-11-19","2024-11-21","FUSHIMI MARKET LLC NEW YORK","17.10","11.88","USD","1.43939","TD_AEROPLAN_VISA_INFINITE_9225_Dec_03-2024.pdf"
"2024-12-03","2024-11-20","2024-11-21","MTA*NYCT PAYGO NEW YORK","4.17","2.90","USD","1.43793","TD_AEROPLAN_VISA_INFINITE_9225_Dec_03-2024.pdf"
"2024-12-03","2024-11-20","2024-11-21","JETBLUE 2794456877963 8005382583","64.76","45.00","USD","1.43911","TD_AEROPLAN_VISA_INFINITE_9225_Dec_03-2024.pdf"
"2024-12-03","2024-11-20","2024-11-21","TST* MAMAN - NOMAD NEW YORK","9.40","6.53","USD","1.43950","TD_AEROPLAN_VISA_INFINITE_9225_Dec_03-2024.pdf"
"2024-12-03","2024-11-20","2024-11-21","NORDSTROM RACK #509 NEW YORK","109.62","76.18","USD","1.43896","TD_AEROPLAN_VISA_INFINITE_9225_Dec_03-2024.pdf"
"2024-12-03","2024-11-20","2024-11-21","BRYANT PK MARKET ST237 JAMAICA","31.57","21.94","USD","1.43892","TD_AEROPLAN_VISA_INFINITE_9225_Dec_03-2024.pdf"
"2024-12-03","2024-11-20","2024-11-22","TST*CITIZENS - CHELSEA New York","48.59","33.76","USD","1.43927","TD_AEROPLAN_VISA_INFINITE_9225_Dec_03-2024.pdf"
"2024-12-03","2024-11-20","2024-11-22","KIMPTON EVENTI HOTEL NEW YORK","14.46","10.00","USD","1.44600","TD_AEROPLAN_VISA_INFINITE_9225_Dec_03-2024.pdf"
"2024-12-03","2024-11-21","2024-11-22","SQ *REPUBLIK COFFEE PASAD Pasadena","46.45","32.33","USD","1.43674","TD_AEROPLAN_VISA_INFINITE_9225_Dec_03-2024.pdf"
"2024-12-03","2024-11-21","2024-11-22","UBER *TRIP HELP.UBER.CO","112.02","77.97","USD","1.43670","TD_AEROPLAN_VISA_INFINITE_9225_Dec_03-2024.pdf"
"2024-12-03","2024-11-21","2024-11-22","BUFFALO EXCHANGE CA14 PASADENA","143.78","100.33","USD","1.43307","TD_AEROPLAN_VISA_INFINITE_9225_Dec_03-2024.pdf"
"2024-12-03","2024-11-21","2024-11-22","CROSSROADS CO27 PASADENA","83.06","57.96","USD","1.43305","TD_AEROPLAN_VISA_INFINITE_9225_Dec_03-2024.pdf"
"2024-12-03","2024-11-22","2024-11-22","LA ARBORETUM HTTPSWWW.ARB","107.48","75.00","USD","1.43306","TD_AEROPLAN_VISA_INFINITE_9225_Dec_03-2024.pdf"
"2024-12-03","2024-11-22","2024-11-22","LA ARBORETUM ARBORETUM.OR","64.48","45.00","USD","1.43288","TD_AEROPLAN_VISA_INFINITE_9225_Dec_03-2024.pdf"
"2024-12-03","2024-11-21","2024-11-25","SPROUTS FARMERS MAR PASADENA","142.29","99.04","USD","1.43669","TD_AEROPLAN_VISA_INFINITE_9225_Dec_03-2024.pdf"
"2024-12-03","2024-11-22","2024-11-25","THE GETTY PARKING LOS ANGELES","21.57","15.00","USD","1.43800","TD_AEROPLAN_VISA_INFINITE_9225_Dec_03-2024.pdf"
"2024-12-03","2024-11-23","2024-11-25","UBER *TRIP HELP.UBER.CO","94.77","65.93","USD","1.43743","TD_AEROPLAN_VISA_INFINITE_9225_Dec_03-2024.pdf"
"2024-12-03","2024-11-23","2024-11-25","UBER *TRIP HELP.UBER.CO","97.30","67.90","USD","1.43298","TD_AEROPLAN_VISA_INFINITE_9225_Dec_03-2024.pdf"
"2024-12-03","2024-11-23","2024-11-25","TST* ELEPHANTE SANTA MONICA","137.92","95.95","USD","1.43741","TD_AEROPLAN_VISA_INFINITE_9225_Dec_03-2024.pdf"
"2024-12-03","2024-11-23","2024-11-25","SPO*NALUVIDA VENICE","99.91","69.50","USD","1.43755","TD_AEROPLAN_VISA_INFINITE_9225_Dec_03-2024.pdf"
"2024-12-03","2024-11-23","2024-11-25","SQ *KONTENTSU OF MONTROSE Glendale","50.62","35.22","USD","1.43725","TD_AEROPLAN_VISA_INFINITE_9225_Dec_03-2024.pdf"
"2024-12-03","2024-11-24","2024-11-26","VONS #2152 PASADENA","63.42","44.12","USD","1.43744","TD_AEROPLAN_VISA_INFINITE_9225_Dec_03-2024.pdf"
"2024-12-03","2024-11-25","2024-11-26","SQ *MANDARIN COFFEE STAND pasadena","37.20","25.88","USD","1.43740","TD_AEROPLAN_VISA_INFINITE_9225_Dec_03-2024.pdf"
"2024-12-03","2024-11-26","2024-11-27","TIBET NEPAL HOUSE PASADENA","183.71","127.93","USD","1.43601","TD_AEROPLAN_VISA_INFINITE_9225_Dec_03-2024.pdf"
"2024-12-03","2024-11-26","2024-11-27","SUNSET NEWS ST2507 LOS ANGELES","51.97","36.19","USD","1.43603","TD_AEROPLAN_VISA_INFINITE_9225_Dec_03-2024.pdf"
"2024-12-03","2024-11-26","2024-11-27","PAYMENT - THANK YOU","-2286.49","","","","TD_AEROPLAN_VISA_INFINITE_9225_Dec_03-2024.pdf"
"2024-12-03","2024-11-27","2024-11-27","UBER *TRIP HELP.UBER.CO","84.59","58.91","USD","1.43591","TD_AEROPLAN_VISA_INFINITE_9225_Dec_03-2024.pdf"
"2024-12-03","2024-11-27","2024-11-28","AIR CANADA 0144277950312 WINNIPEG","50.26","35.00","USD","1.43600","TD_AEROPLAN_VISA_INFINITE_9225_Dec_03-2024.pdf"
"2024-12-03","2024-11-28","2024-11-28","UBER *TRIP HELP.UBER.CO","8.50","5.89","USD","1.44312","TD_AEROPLAN_VISA_INFINITE_9225_Dec_03-2024.pdf"
"2024-12-03","2024-11-29","2024-11-29","COBS Bread CALGARY","13.89","","","","TD_AEROPLAN_VISA_INFINITE_9225_Dec_03-2024.pdf"
"2024-12-03","2024-12-01","2024-12-02","SP NAVAGE NASAL CARE NAVAGE.COM","102.81","","","","TD_AEROPLAN_VISA_INFINITE_9225_Dec_03-2024.pdf"
"2024-12-03","2024-12-02","2024-12-02","SP TOMMYJOHN TOMMYJOHN.CO","185.13","128.56","USD","1.44002","TD_AEROPLAN_VISA_INFINITE_9225_Dec_03-2024.pdf"
"2025-01-03","2024-12-06","2024-12-06","THREDUP 6175759676","193.75","134.22","USD","1.44352","TD_AEROPLAN_VISA_INFINITE_9225_Jan_03-2025.pdf"
"2025-01-03","2024-12-06","2024-12-09","THREDUP 6175759676","-49.15","35.99","USD","1.36565","TD_AEROPLAN_VISA_INFINITE_9225_Jan_03-2025.pdf"
"2025-01-03","2024-12-06","2024-12-09","FlowComm/UncommonGoods Vancouver","64.35","","","","TD_AEROPLAN_VISA_INFINITE_9225_Jan_03-2025.pdf"
"2025-01-03","2024-12-07","2024-12-09","SP MIRRA MASA CALGARY","130.20","","","","TD_AEROPLAN_VISA_INFINITE_9225_Jan_03-2025.pdf"
"2025-01-03","2024-12-07","2024-12-09","SEPHORA CROSS IRON ROCKY VIEW","115.10","","","","TD_AEROPLAN_VISA_INFINITE_9225_Jan_03-2025.pdf"
"2025-01-03","2024-12-08","2024-12-09","NILAS TASTE OF INDONESIA CALGARY","13.86","","","","TD_AEROPLAN_VISA_INFINITE_9225_Jan_03-2025.pdf"
"2025-01-03","2024-12-08","2024-12-09","MICHAELS #3903 CALGARY","199.49","","","","TD_AEROPLAN_VISA_INFINITE_9225_Jan_03-2025.pdf"
"2025-01-03","2024-12-08","2024-12-09","SHOP.SHOPPERSDRUGMART. NORTH YORK","38.83","","","","TD_AEROPLAN_VISA_INFINITE_9225_Jan_03-2025.pdf"
"2025-01-03","2024-12-08","2024-12-10","VALUE VILLAGE #2165 CALGARY","163.67","","","","TD_AEROPLAN_VISA_INFINITE_9225_Jan_03-2025.pdf"
"2025-01-03","2024-12-09","2024-12-10","PAYMENT - THANK YOU","-975.23","","","","TD_AEROPLAN_VISA_INFINITE_9225_Jan_03-2025.pdf"
"2025-01-03","2024-12-08","2024-12-11","Vestiaire Collective Paris","337.77","","","","TD_AEROPLAN_VISA_INFINITE_9225_Jan_03-2025.pdf"
"2025-01-03","2024-12-12","2024-12-16","SIMONS WEB QUEBEC","102.90","","","","TD_AEROPLAN_VISA_INFINITE_9225_Jan_03-2025.pdf"
"2025-01-03","2024-12-14","2024-12-16","LS LAYERED CHARM CALGARY","45.14","","","","TD_AEROPLAN_VISA_INFINITE_9225_Jan_03-2025.pdf"
"2025-01-03","2024-12-14","2024-12-16","LS BEELAND SPILLIMACHEE","28.00","","","","TD_AEROPLAN_VISA_INFINITE_9225_Jan_03-2025.pdf"
"2025-01-03","2024-12-14","2024-12-16","UBER* TRIP TORONTO","15.33","","","","TD_AEROPLAN_VISA_INFINITE_9225_Jan_03-2025.pdf"
"2025-01-03","2024-12-14","2024-12-16","TOTALITEA CALGARY","4.00","","","","TD_AEROPLAN_VISA_INFINITE_9225_Jan_03-2025.pdf"
"2025-01-03","2024-12-14","2024-12-16","TOTALITEA CALGARY","10.00","","","","TD_AEROPLAN_VISA_INFINITE_9225_Jan_03-2025.pdf"
"2025-01-03","2024-12-14","2024-12-16","COMMUNITY NATURAL FOODS # CALGARY","49.00","","","","TD_AEROPLAN_VISA_INFINITE_9225_Jan_03-2025.pdf"
"2025-01-03","2024-12-14","2024-12-16","HUDSON'S BAY #1138 CALGARY","315.00","","","","TD_AEROPLAN_VISA_INFINITE_9225_Jan_03-2025.pdf"
"2025-01-03","2024-12-14","2024-12-16","MARKET SEAFOOD CALGARY","6.95","","","","TD_AEROPLAN_VISA_INFINITE_9225_Jan_03-2025.pdf"
"2025-01-03","2024-12-19","2024-12-19","Ark Swimwear 0450500219","192.56","130.00","USD","1.48123","TD_AEROPLAN_VISA_INFINITE_9225_Jan_03-2025.pdf"
"2025-01-03","2024-12-19","2024-12-20","PAYMENT - THANK YOU","-1590.44","","","","TD_AEROPLAN_VISA_INFINITE_9225_Jan_03-2025.pdf"
"2025-01-03","2024-12-21","2024-12-23","SHOPPERS DRUG MART #03 CALGARY","56.26","","","","TD_AEROPLAN_VISA_INFINITE_9225_Jan_03-2025.pdf"
"2025-01-03","2024-12-22","2024-12-23","SQ *SCOTIABANK SADDLEDOME Calgary","13.57","","","","TD_AEROPLAN_VISA_INFINITE_9225_Jan_03-2025.pdf"
"2025-01-03","2024-12-22","2024-12-23","SQ *SCOTIABANK SADDLEDOME Calgary","24.99","","","","TD_AEROPLAN_VISA_INFINITE_9225_Jan_03-2025.pdf"
"2025-01-03","2024-12-22","2024-12-23","SQ *SCOTIABANK SADDLEDOME Calgary","17.29","","","","TD_AEROPLAN_VISA_INFINITE_9225_Jan_03-2025.pdf"
"2025-01-03","2024-12-27","2024-12-30","UBER CANADA/UBERTRIP TORONTO","1.00","","","","TD_AEROPLAN_VISA_INFINITE_9225_Jan_03-2025.pdf"
"2025-01-03","2024-12-28","2024-12-30","IceBreaker Calgary Calgary","51.19","","","","TD_AEROPLAN_VISA_INFINITE_9225_Jan_03-2025.pdf"
"2025-01-03","2024-12-28","2024-12-30","UBER CANADA/UBERTRIP TORONTO","11.59","","","","TD_AEROPLAN_VISA_INFINITE_9225_Jan_03-2025.pdf"
"2025-01-03","2024-12-28","2024-12-30","TACOTIME CALGARY","12.48","","","","TD_AEROPLAN_VISA_INFINITE_9225_Jan_03-2025.pdf"
"2025-01-03","2024-12-28","2024-12-30","GOODWILL PLAZA STORE CALGARY","62.00","","","","TD_AEROPLAN_VISA_INFINITE_9225_Jan_03-2025.pdf"
"2025-01-03","2024-12-28","2024-12-30","WWW.CHATTERS.CA RED DEER COU","51.24","","","","TD_AEROPLAN_VISA_INFINITE_9225_Jan_03-2025.pdf"
"2025-01-03","2024-12-28","2024-12-30","SEPHORA CHINOOK CALGARY","40.95","","","","TD_AEROPLAN_VISA_INFINITE_9225_Jan_03-2025.pdf"
"2025-01-03","2024-12-28","2024-12-30","KIOKII AND... CALGARY","88.70","","","","TD_AEROPLAN_VISA_INFINITE_9225_Jan_03-2025.pdf"
"2025-01-03","2024-12-28","2024-12-30","ZARA CHINOOK #3217 CALGARY","33.60","","","","TD_AEROPLAN_VISA_INFINITE_9225_Jan_03-2025.pdf"
"2025-01-03","2024-12-30","2024-12-30","SQSP* INV163334032 SQUARESPACE.","429.29","289.80","USD","1.48133","TD_AEROPLAN_VISA_INFINITE_9225_Jan_03-2025.pdf"
"2025-01-03","2025-01-01","2025-01-02","Etsy.com*DCStyleLoft Toronto","24.02","","","","TD_AEROPLAN_VISA_INFINITE_9225_Jan_03-2025.pdf"
"2025-01-03","2024-12-31","2025-01-03","SOBEYS COUNTRY HILLS #548 CALGARY","4.58","","","","TD_AEROPLAN_VISA_INFINITE_9225_Jan_03-2025.pdf"
"2025-01-03","2024-12-31","2025-01-03","FRESHCO #4354 CALGARY","88.73","","","","TD_AEROPLAN_VISA_INFINITE_9225_Jan_03-2025.pdf"
"2025-02-03","2025-01-04","2025-01-06","SCHANKS SPORTS GRILL CALGARY","20.00","","","","TD_AEROPLAN_VISA_INFINITE_9225_Feb_03-2025.pdf"
"2025-02-03","2025-01-04","2025-01-06","SCHANKS SPORTS GRILL CALGARY","97.71","","","","TD_AEROPLAN_VISA_INFINITE_9225_Feb_03-2025.pdf"
"2025-02-03","2025-01-06","2025-01-07","Globale /Local Eclecti Vancouver","182.75","","","","TD_AEROPLAN_VISA_INFINITE_9225_Feb_03-2025.pdf"
"2025-02-03","2025-01-07","2025-01-08","UBER CANADA/UBERTRIP TORONTO","1.00","","","","TD_AEROPLAN_VISA_INFINITE_9225_Feb_03-2025.pdf"
"2025-02-03","2025-01-07","2025-01-08","UBER CANADA/UBERTRIP TORONTO","16.51","","","","TD_AEROPLAN_VISA_INFINITE_9225_Feb_03-2025.pdf"
"2025-02-03","2025-01-07","2025-01-08","DOLLARAMA #0918 CALGARY","17.59","","","","TD_AEROPLAN_VISA_INFINITE_9225_Feb_03-2025.pdf"
"2025-02-03","2025-01-08","2025-01-09","UBER CANADA/UBERTRIP TORONTO","15.82","","","","TD_AEROPLAN_VISA_INFINITE_9225_Feb_03-2025.pdf"
"2025-02-03","2025-01-12","2025-01-13","SP LACEMADE KOWLOON","179.85","","","","TD_AEROPLAN_VISA_INFINITE_9225_Feb_03-2025.pdf"
"2025-02-03","2025-01-13","2025-01-14","PAYMENT - THANK YOU","-1555.42","","","","TD_AEROPLAN_VISA_INFINITE_9225_Feb_03-2025.pdf"
"2025-02-03","2025-01-14","2025-01-15","DOLLARAMA #0918 CALGARY","19.43","","","","TD_AEROPLAN_VISA_INFINITE_9225_Feb_03-2025.pdf"
"2025-02-03","2025-01-15","2025-01-16","dhgate.com dhgate.com","94.52","","","","TD_AEROPLAN_VISA_INFINITE_9225_Feb_03-2025.pdf"
"2025-02-03","2025-01-17","2025-01-20","Etsy.com*OnicaJewels Toronto","693.36","","","","TD_AEROPLAN_VISA_INFINITE_9225_Feb_03-2025.pdf"
"2025-02-03","2025-01-18","2025-01-20","UBER CANADA/UBERTRIP TORONTO","1.00","","","","TD_AEROPLAN_VISA_INFINITE_9225_Feb_03-2025.pdf"
"2025-02-03","2025-01-18","2025-01-20","BARBARELLA BAR CALGARY","70.00","","","","TD_AEROPLAN_VISA_INFINITE_9225_Feb_03-2025.pdf"
"2025-02-03","2025-01-19","2025-01-20","LM Country Hills Country Hill","3.18","","","","TD_AEROPLAN_VISA_INFINITE_9225_Feb_03-2025.pdf"
"2025-02-03","2025-01-19","2025-01-20","UBER CANADA/UBERTRIP TORONTO","25.77","","","","TD_AEROPLAN_VISA_INFINITE_9225_Feb_03-2025.pdf"
"2025-02-03","2025-01-21","2025-01-21","SP URBAN PLANET CANADA","34.64","","","","TD_AEROPLAN_VISA_INFINITE_9225_Feb_03-2025.pdf"
"2025-02-03","2025-01-24","2025-01-27","CALGARY DENTAL HOUSE CALGARY","560.00","","","","TD_AEROPLAN_VISA_INFINITE_9225_Feb_03-2025.pdf"
"2025-02-03","2025-01-25","2025-01-27","LYFT *RIDE SAT 4PM VANCOUVER","25.99","","","","TD_AEROPLAN_VISA_INFINITE_9225_Feb_03-2025.pdf"
"2025-02-03","2025-01-25","2025-01-27","UBER CANADA/UBERTRIP TORONTO","30.40","","","","TD_AEROPLAN_VISA_INFINITE_9225_Feb_03-2025.pdf"
"2025-02-03","2025-01-25","2025-01-27","UBER CANADA/UBERTRIP TORONTO","26.69","","","","TD_AEROPLAN_VISA_INFINITE_9225_Feb_03-2025.pdf"
"2025-02-03","2025-01-25","2025-01-27","CALGARY DREAM CENTRE: CALGARY","48.55","","","","TD_AEROPLAN_VISA_INFINITE_9225_Feb_03-2025.pdf"
"2025-02-03","2025-01-25","2025-01-27","SQ *OOLONG TEA SHOP INGLE Calgary","12.60","","","","TD_AEROPLAN_VISA_INFINITE_9225_Feb_03-2025.pdf"
"2025-02-03","2025-01-25","2025-01-27","SQ *CANELA VEGAN BAKERY & Calgary","13.20","","","","TD_AEROPLAN_VISA_INFINITE_9225_Feb_03-2025.pdf"
"2025-02-03","2025-01-25","2025-01-27","BLUE STAR DINNER CALGARY","32.08","","","","TD_AEROPLAN_VISA_INFINITE_9225_Feb_03-2025.pdf"
"2025-02-03","2025-01-27","2025-01-28","PAYMENT - THANK YOU","-1121.75","","","","TD_AEROPLAN_VISA_INFINITE_9225_Feb_03-2025.pdf"
"2025-02-03","2025-02-01","2025-02-03","WWW.URBANOUTFITTERS.CO CALGARY","61.95","","","","TD_AEROPLAN_VISA_INFINITE_9225_Feb_03-2025.pdf"
"2025-02-03","2025-02-01","2025-02-03","SQ *HULA POKE Calgary","42.50","","","","TD_AEROPLAN_VISA_INFINITE_9225_Feb_03-2025.pdf"
"2025-02-03","2025-02-01","2025-02-03","WOW BAKERY CHINOOK CENTR CALGARY","4.51","","","","TD_AEROPLAN_VISA_INFINITE_9225_Feb_03-2025.pdf"
"2025-02-03","2025-02-01","2025-02-03","RUSSIAN STORE CALGARY","39.06","","","","TD_AEROPLAN_VISA_INFINITE_9225_Feb_03-2025.pdf"
"2025-03-03","2025-02-04","2025-02-05","ARDENE #103 CALGARY","31.34","","","","TD_AEROPLAN_VISA_INFINITE_9225_Mar_03-2025.pdf"
"2025-03-03","2025-02-04","2025-02-06","LA VIE EN ROSE # 123 CALGARY","39.69","","","","TD_AEROPLAN_VISA_INFINITE_9225_Mar_03-2025.pdf"
"2025-03-03","2025-02-05","2025-02-06","UBER CANADA/UBERTRIP TORONTO","15.37","","","","TD_AEROPLAN_VISA_INFINITE_9225_Mar_03-2025.pdf"
"2025-03-03","2025-02-08","2025-02-10","BANANA REPUBLIC 6739 CALGARY","68.22","","","","TD_AEROPLAN_VISA_INFINITE_9225_Mar_03-2025.pdf"
"2025-03-03","2025-02-08","2025-02-10","TNA CHINOOK CENTRE 105 CALGARY","142.80","","","","TD_AEROPLAN_VISA_INFINITE_9225_Mar_03-2025.pdf"
"2025-03-03","2025-02-08","2025-02-10","TAMARIND VIETNAMESE GRIL CALGARY","47.40","","","","TD_AEROPLAN_VISA_INFINITE_9225_Mar_03-2025.pdf"
"2025-03-03","2025-02-10","2025-02-11","SQ *T2722 RESERVATIONS 8774174551","15.00","","","","TD_AEROPLAN_VISA_INFINITE_9225_Mar_03-2025.pdf"
"2025-03-03","2025-02-11","2025-02-13","HOTEL BLACKFOOT-LAUGH SHO CALGARY","57.60","","","","TD_AEROPLAN_VISA_INFINITE_9225_Mar_03-2025.pdf"
"2025-03-03","2025-02-12","2025-02-13","TUK TUK THAI CREEKSIDE CALGARY","29.88","","","","TD_AEROPLAN_VISA_INFINITE_9225_Mar_03-2025.pdf"
"2025-03-03","2025-02-14","2025-02-14","SQSP* INV169586860 SQUARESPACE.","30.81","21.00","USD","1.46714","TD_AEROPLAN_VISA_INFINITE_9225_Mar_03-2025.pdf"
"2025-03-03","2025-02-16","2025-02-18","JIMMY THE GREEK #039 ROCKY VIEW C","46.80","","","","TD_AEROPLAN_VISA_INFINITE_9225_Mar_03-2025.pdf"
"2025-03-03","2025-03-01","2025-03-03","LS BEELAND SPILLIMACHEE","28.00","","","","TD_AEROPLAN_VISA_INFINITE_9225_Mar_03-2025.pdf"
"2025-03-03","2025-03-01","2025-03-03","Dynamite Calgary","62.95","","","","TD_AEROPLAN_VISA_INFINITE_9225_Mar_03-2025.pdf"
"2025-03-03","2025-03-01","2025-03-03","HM Chinook Centre Calgary","120.88","","","","TD_AEROPLAN_VISA_INFINITE_9225_Mar_03-2025.pdf"
"2025-03-03","2025-03-01","2025-03-03","SP OAK + FORT CAN VANCOUVER","92.40","","","","TD_AEROPLAN_VISA_INFINITE_9225_Mar_03-2025.pdf"
"2025-03-03","2025-03-01","2025-03-03","Peters Drive In Calgary","14.28","","","","TD_AEROPLAN_VISA_INFINITE_9225_Mar_03-2025.pdf"
"2025-03-03","2025-03-01","2025-03-03","HEARTS CHOICES INC. CALGARY","8.95","","","","TD_AEROPLAN_VISA_INFINITE_9225_Mar_03-2025.pdf"
"2025-03-03","2025-03-01","2025-03-03","CALGARY DENTAL HOUSE CALGARY","420.00","","","","TD_AEROPLAN_VISA_INFINITE_9225_Mar_03-2025.pdf"
"2025-03-03","2025-03-01","2025-03-03","MARKET SEAFOOD CALGARY","9.44","","","","TD_AEROPLAN_VISA_INFINITE_9225_Mar_03-2025.pdf"
"2025-03-03","2025-03-02","2025-03-03","NILAS TASTE OF INDONESIA CALGARY","25.99","","","","TD_AEROPLAN_VISA_INFINITE_9225_Mar_03-2025.pdf"
"2025-03-03","2025-03-02","2025-03-03","T&T SUPERMARKET #030 CALGARY","24.67","","","","TD_AEROPLAN_VISA_INFINITE_9225_Mar_03-2025.pdf"
"2025-03-03","2025-03-02","2025-03-03","MARSHALLS 665 CALGARY","156.37","","","","TD_AEROPLAN_VISA_INFINITE_9225_Mar_03-2025.pdf"
"2025-03-03","2025-03-03","2025-03-03","RETAIL INTEREST","34.44","","","","TD_AEROPLAN_VISA_INFINITE_9225_Mar_03-2025.pdf"
"2025-04-03","2025-03-05","2025-03-06","LILY DERMIS CALGARY","199.50","","","","TD_AEROPLAN_VISA_INFINITE_9225_Apr_03-2025.pdf"
"2025-04-03","2025-03-07","2025-03-10","UNITED AIR 1624665164850 CONTINENTAL","974.50","","","","TD_AEROPLAN_VISA_INFINITE_9225_Apr_03-2025.pdf"
"2025-04-03","2025-03-07","2025-03-10","WESTJET 8382195354751 CALGARY","334.95","","","","TD_AEROPLAN_VISA_INFINITE_9225_Apr_03-2025.pdf"
"2025-04-03","2025-03-07","2025-03-10","AIR CAN* 0142116849109 AIRCANADA.CO","635.88","","","","TD_AEROPLAN_VISA_INFINITE_9225_Apr_03-2025.pdf"
"2025-04-03","2025-03-08","2025-03-10","UBER CANADA/UBERTRIP TORONTO","28.87","","","","TD_AEROPLAN_VISA_INFINITE_9225_Apr_03-2025.pdf"
"2025-04-03","2025-03-08","2025-03-10","UBER CANADA/UBERTRIP TORONTO","30.59","","","","TD_AEROPLAN_VISA_INFINITE_9225_Apr_03-2025.pdf"
"2025-04-03","2025-03-08","2025-03-10","SQ *CANELA VEGAN BAKERY & Calgary","5.95","","","","TD_AEROPLAN_VISA_INFINITE_9225_Apr_03-2025.pdf"
"2025-04-03","2025-03-08","2025-03-10","MONKI BREAKFAST CLUB & BI CALGARY","39.03","","","","TD_AEROPLAN_VISA_INFINITE_9225_Apr_03-2025.pdf"
"2025-04-03","2025-03-10","2025-03-10","PAYMENT - THANK YOU","-10.00","","","","TD_AEROPLAN_VISA_INFINITE_9225_Apr_03-2025.pdf"
"2025-04-03","2025-03-12","2025-03-13","DHL EXPRESS ADC QC 905-861-3540","28.66","","","","TD_AEROPLAN_VISA_INFINITE_9225_Apr_03-2025.pdf"
"2025-04-03","2025-03-15","2025-03-17","UBER* TRIP TORONTO","29.48","","","","TD_AEROPLAN_VISA_INFINITE_9225_Apr_03-2025.pdf"
"2025-04-03","2025-03-15","2025-03-17","FINEPRINT CALGARY","98.28","","","","TD_AEROPLAN_VISA_INFINITE_9225_Apr_03-2025.pdf"
"2025-04-03","2025-03-16","2025-03-17","UBER CANADA/UBERTRIP TORONTO","29.53","","","","TD_AEROPLAN_VISA_INFINITE_9225_Apr_03-2025.pdf"
"2025-04-03","2025-03-20","2025-03-21","DOLLARAMA #0918 CALGARY","6.67","","","","TD_AEROPLAN_VISA_INFINITE_9225_Apr_03-2025.pdf"
"2025-04-03","2025-03-22","2025-03-24","REAL CDN. SUPERSTORE # CALGARY","84.87","","","","TD_AEROPLAN_VISA_INFINITE_9225_Apr_03-2025.pdf"
"2025-04-03","2025-03-22","2025-03-24","CRATE & BARREL #353 CALGARY","89.09","","","","TD_AEROPLAN_VISA_INFINITE_9225_Apr_03-2025.pdf"
"2025-04-03","2025-03-23","2025-03-24","HM CA0112 Calgary","39.88","","","","TD_AEROPLAN_VISA_INFINITE_9225_Apr_03-2025.pdf"
"2025-04-03","2025-03-23","2025-03-24","American Eagle 919 Calgary","46.75","","","","TD_AEROPLAN_VISA_INFINITE_9225_Apr_03-2025.pdf"
"2025-04-03","2025-03-23","2025-03-24","American Eagle Outfitters MISSISSAUGA","116.99","","","","TD_AEROPLAN_VISA_INFINITE_9225_Apr_03-2025.pdf"
"2025-04-03","2025-03-24","2025-03-25","MICHAELS #3935 CALGARY","106.17","","","","TD_AEROPLAN_VISA_INFINITE_9225_Apr_03-2025.pdf"
"2025-04-03","2025-03-24","2025-03-25","WINNERS 465 CALGARY","146.99","","","","TD_AEROPLAN_VISA_INFINITE_9225_Apr_03-2025.pdf"
"2025-04-03","2025-03-25","2025-03-26","BKG*BOOKING.COM HOTEL (888)850-395","451.00","306.32","USD","1.47231","TD_AEROPLAN_VISA_INFINITE_9225_Apr_03-2025.pdf"
"2025-04-03","2025-03-25","2025-03-26","PAYMENT - THANK YOU","-5230.28","","","","TD_AEROPLAN_VISA_INFINITE_9225_Apr_03-2025.pdf"
"2025-04-03","2025-03-24","2025-03-27","AIR CAN* 0144285125412 AIRCANADA.CO","35.00","","","","TD_AEROPLAN_VISA_INFINITE_9225_Apr_03-2025.pdf"
"2025-04-03","2025-03-25","2025-03-27","HUDSON ST1518 RICHMOND","4.99","","","","TD_AEROPLAN_VISA_INFINITE_9225_Apr_03-2025.pdf"
"2025-04-03","2025-03-25","2025-03-27","HUDSON ST1526 RICHMOND","27.78","","","","TD_AEROPLAN_VISA_INFINITE_9225_Apr_03-2025.pdf"
"2025-04-03","2025-03-28","2025-03-31","TARGET 00034389 Honolulu","17.19","11.70","USD","1.46923","TD_AEROPLAN_VISA_INFINITE_9225_Apr_03-2025.pdf"
"2025-04-03","2025-03-28","2025-03-31","ABC #52 HAWAII HONOLULU","16.59","11.29","USD","1.46944","TD_AEROPLAN_VISA_INFINITE_9225_Apr_03-2025.pdf"
"2025-04-03","2025-03-28","2025-03-31","MAGURO SPOT HONOLULU","23.66","16.10","USD","1.46956","TD_AEROPLAN_VISA_INFINITE_9225_Apr_03-2025.pdf"
"2025-04-03","2025-03-29","2025-03-31","TST* JAMBA JUICE - 0546 - HONOLULU","28.60","19.46","USD","1.46968","TD_AEROPLAN_VISA_INFINITE_9225_Apr_03-2025.pdf"
"2025-04-03","2025-03-29","2025-03-31","WAIKIKI BANYAN HONOLULU","63.18","43.00","USD","1.46930","TD_AEROPLAN_VISA_INFINITE_9225_Apr_03-2025.pdf"
"2025-04-03","2025-03-29","2025-03-31","BLUE OCEAN SEA FOOD AND S HONOLULU","36.74","25.00","USD","1.46960","TD_AEROPLAN_VISA_INFINITE_9225_Apr_03-2025.pdf"
"2025-04-03","2025-03-29","2025-03-31","ABC #70 HAWAII HONOLULU","16.59","11.29","USD","1.46944","TD_AEROPLAN_VISA_INFINITE_9225_Apr_03-2025.pdf"
"2025-04-03","2025-03-29","2025-03-31","RED ELEPHANT THAI CUISIN HONOLULU","209.50","142.57","USD","1.46945","TD_AEROPLAN_VISA_INFINITE_9225_Apr_03-2025.pdf"
"2025-04-03","2025-03-30","2025-03-31","WAIKIKI BANYAN HONOLULU","73.47","50.00","USD","1.46940","TD_AEROPLAN_VISA_INFINITE_9225_Apr_03-2025.pdf"
"2025-04-03","2025-03-30","2025-04-01","BLUE OCEAN SEA FOOD AND S HONOLULU","32.33","22.00","USD","1.46954","TD_AEROPLAN_VISA_INFINITE_9225_Apr_03-2025.pdf"
"2025-04-03","2025-03-30","2025-04-01","SQ *SCYLO LLC Honolulu","10.70","7.28","USD","1.46978","TD_AEROPLAN_VISA_INFINITE_9225_Apr_03-2025.pdf"
"2025-04-03","2025-03-30","2025-04-01","UNITED 0164484553386 UNITED.COM","58.77","40.00","USD","1.46924","TD_AEROPLAN_VISA_INFINITE_9225_Apr_03-2025.pdf"
"2025-04-03","2025-03-30","2025-04-01","UNITED 0164484553387 UNITED.COM","73.47","50.00","USD","1.46940","TD_AEROPLAN_VISA_INFINITE_9225_Apr_03-2025.pdf"
"2025-04-03","2025-03-30","2025-04-01","MAGURO SPOT HONOLULU","31.27","21.28","USD","1.46945","TD_AEROPLAN_VISA_INFINITE_9225_Apr_03-2025.pdf"
"2025-04-03","2025-03-31","2025-04-02","UA INFLT 0164485008797 HOUSTON","14.76","10.00","USD","1.47600","TD_AEROPLAN_VISA_INFINITE_9225_Apr_03-2025.pdf"
"2025-04-03","2025-04-01","2025-04-02","CALGARY DENTAL HOUSE CALGARY","420.00","","","","TD_AEROPLAN_VISA_INFINITE_9225_Apr_03-2025.pdf"
"2025-04-03","2025-04-03","2025-04-03","RETAIL INTEREST","13.43","","","","TD_AEROPLAN_VISA_INFINITE_9225_Apr_03-2025.pdf"
"2025-05-05","2025-04-03","2025-04-04","UNITED AIR 1644856147270 CONTINENTAL","57.00","","","","TD_AEROPLAN_VISA_INFINITE_9225_May_05-2025.pdf"
"2025-05-05","2025-04-03","2025-04-04","UNITED AIR 1624745435331 CONTINENTAL","254.40","","","","TD_AEROPLAN_VISA_INFINITE_9225_May_05-2025.pdf"
"2025-05-05","2025-04-05","2025-04-07","YYC Relay 3717 Calgary","14.56","","","","TD_AEROPLAN_VISA_INFINITE_9225_May_05-2025.pdf"
"2025-05-05","2025-04-05","2025-04-07","WALGREENS #4763 LAS VEGAS","17.53","11.99","USD","1.46205","TD_AEROPLAN_VISA_INFINITE_9225_May_05-2025.pdf"
"2025-05-05","2025-04-05","2025-04-07","ABC #115 LV LAS VEGAS","9.50","6.50","USD","1.46153","TD_AEROPLAN_VISA_INFINITE_9225_May_05-2025.pdf"
"2025-05-05","2025-04-05","2025-04-07","ABC #115 LV LAS VEGAS","37.24","25.47","USD","1.46211","TD_AEROPLAN_VISA_INFINITE_9225_May_05-2025.pdf"
"2025-05-05","2025-04-05","2025-04-07","YYC THE KITCHEN CALGARY","5.25","","","","TD_AEROPLAN_VISA_INFINITE_9225_May_05-2025.pdf"
"2025-05-05","2025-04-06","2025-04-07","UBER *TRIP HELP.UBER.CO","40.91","27.98","USD","1.46211","TD_AEROPLAN_VISA_INFINITE_9225_May_05-2025.pdf"
"2025-05-05","2025-04-06","2025-04-07","UBER *TRIP HELP.UBER.CO","16.85","11.53","USD","1.46140","TD_AEROPLAN_VISA_INFINITE_9225_May_05-2025.pdf"
"2025-05-05","2025-04-06","2025-04-07","LAS VEGAS CONVENTION CTR LAS VEGAS","36.45","24.93","USD","1.46209","TD_AEROPLAN_VISA_INFINITE_9225_May_05-2025.pdf"
"2025-05-05","2025-04-07","2025-04-07","UBER *TRIP HELP.UBER.CO","17.46","11.94","USD","1.46231","TD_AEROPLAN_VISA_INFINITE_9225_May_05-2025.pdf"
"2025-05-05","2025-04-07","2025-04-07","UBER *TRIP HELP.UBER.CO","23.36","15.98","USD","1.46182","TD_AEROPLAN_VISA_INFINITE_9225_May_05-2025.pdf"
"2025-05-05","2025-04-06","2025-04-08","VOLTAIRE LAS VEGAS","76.73","52.49","USD","1.46180","TD_AEROPLAN_VISA_INFINITE_9225_May_05-2025.pdf"
"2025-05-05","2025-04-06","2025-04-08","COCOLINI I BOULDER CITY","26.18","17.91","USD","1.46175","TD_AEROPLAN_VISA_INFINITE_9225_May_05-2025.pdf"
"2025-05-05","2025-04-06","2025-04-08","VENETIAN RESORT PARKING LAS VEGAS","33.62","23.00","USD","1.46173","TD_AEROPLAN_VISA_INFINITE_9225_May_05-2025.pdf"
"2025-05-05","2025-04-07","2025-04-08","UBER *TRIP HELP.UBER.CO","23.28","15.92","USD","1.46231","TD_AEROPLAN_VISA_INFINITE_9225_May_05-2025.pdf"
"2025-05-05","2025-04-07","2025-04-08","LAS VEGAS CONVENTION CTR LAS VEGAS","39.62","27.10","USD","1.46199","TD_AEROPLAN_VISA_INFINITE_9225_May_05-2025.pdf"
"2025-05-05","2025-04-08","2025-04-09","UBER *TRIP HELP.UBER.CO","23.31","15.90","USD","1.46603","TD_AEROPLAN_VISA_INFINITE_9225_May_05-2025.pdf"
"2025-05-05","2025-04-08","2025-04-09","SQ *LAS VEGAS CONVENTION Las Vegas","21.99","15.00","USD","1.46600","TD_AEROPLAN_VISA_INFINITE_9225_May_05-2025.pdf"
"2025-05-05","2025-04-08","2025-04-09","LAS VEGAS CONVENTION CTR LAS VEGAS","39.72","27.10","USD","1.46568","TD_AEROPLAN_VISA_INFINITE_9225_May_05-2025.pdf"
"2025-05-05","2025-04-08","2025-04-09","CVS/PHARMACY #06867 LAS VEGAS","22.15","15.14","USD","1.46301","TD_AEROPLAN_VISA_INFINITE_9225_May_05-2025.pdf"
"2025-05-05","2025-04-09","2025-04-11","STATERBROS120 YUCCA VALLEY","61.14","41.78","USD","1.46337","TD_AEROPLAN_VISA_INFINITE_9225_May_05-2025.pdf"
"2025-05-05","2025-04-09","2025-04-11","STARBUCKS STORE 10709 BARSTOW","16.90","11.55","USD","1.46320","TD_AEROPLAN_VISA_INFINITE_9225_May_05-2025.pdf"
"2025-05-05","2025-04-10","2025-04-11","TST* SKIMOS COFFEE SHOP 2 LAS VEGAS","32.32","22.09","USD","1.46310","TD_AEROPLAN_VISA_INFINITE_9225_May_05-2025.pdf"
"2025-05-05","2025-04-10","2025-04-11","SQ *DEZ FINE FOOD Joshua Tree","7.15","4.89","USD","1.46216","TD_AEROPLAN_VISA_INFINITE_9225_May_05-2025.pdf"
"2025-05-05","2025-04-10","2025-04-11","SQ *DEZ FINE FOOD Joshua Tree","37.05","25.32","USD","1.46327","TD_AEROPLAN_VISA_INFINITE_9225_May_05-2025.pdf"
"2025-05-05","2025-04-10","2025-04-11","SQ *BLACK LUCK VINTAGE Morongo Vall","70.96","48.49","USD","1.46339","TD_AEROPLAN_VISA_INFINITE_9225_May_05-2025.pdf"
"2025-05-05","2025-04-10","2025-04-11","YUCCA KABAB AND HOOKAH YUCCA VALLEY","57.96","39.61","USD","1.46326","TD_AEROPLAN_VISA_INFINITE_9225_May_05-2025.pdf"
"2025-05-05","2025-04-10","2025-04-11","JOSHUA SPRINGS THRIFT ST YUCCA VALLEY","12.72","8.69","USD","1.46375","TD_AEROPLAN_VISA_INFINITE_9225_May_05-2025.pdf"
"2025-05-05","2025-04-11","2025-04-11","TST*THE COPPER ROOM Yucca Valley","128.60","88.89","USD","1.44673","TD_AEROPLAN_VISA_INFINITE_9225_May_05-2025.pdf"
"2025-05-05","2025-04-10","2025-04-14","HEAVY CLOUDS VAPE & MORE YUCCA VALLEY","6.29","4.30","USD","1.46279","TD_AEROPLAN_VISA_INFINITE_9225_May_05-2025.pdf"
"2025-05-05","2025-04-11","2025-04-14","SQ *DEZ FINE FOOD Joshua Tree","50.67","35.02","USD","1.44688","TD_AEROPLAN_VISA_INFINITE_9225_May_05-2025.pdf"
"2025-05-05","2025-04-11","2025-04-14","SQ *DEZ FINE FOOD Joshua Tree","16.13","11.15","USD","1.44663","TD_AEROPLAN_VISA_INFINITE_9225_May_05-2025.pdf"
"2025-05-05","2025-04-11","2025-04-14","TWENTYNINE PALMS VISITOR","28.06","19.40","USD","1.44639","TD_AEROPLAN_VISA_INFINITE_9225_May_05-2025.pdf"
"2025-05-05","2025-04-11","2025-04-14","STARBUCKS STORE 52484 TWENTYNINE P","11.21","7.75","USD","1.44645","TD_AEROPLAN_VISA_INFINITE_9225_May_05-2025.pdf"
"2025-05-05","2025-04-11","2025-04-14","SUSHIGAH PASADENA","71.72","50.00","USD","1.43440","TD_AEROPLAN_VISA_INFINITE_9225_May_05-2025.pdf"
"2025-05-05","2025-04-12","2025-04-14","ROCKETSHIP COFFEE LOS ANGELES","55.15","38.44","USD","1.43470","TD_AEROPLAN_VISA_INFINITE_9225_May_05-2025.pdf"
"2025-05-05","2025-04-13","2025-04-15","CITY OF LAGUNA BEACH I LAGUNA BEACH","10.05","7.00","USD","1.43571","TD_AEROPLAN_VISA_INFINITE_9225_May_05-2025.pdf"
"2025-05-05","2025-04-13","2025-04-15","URTH CAFFE 007 - LAGUN 213-2298925","179.20","124.92","USD","1.43451","TD_AEROPLAN_VISA_INFINITE_9225_May_05-2025.pdf"
"2025-05-05","2025-04-14","2025-04-15","UBER *TRIP HELP.UBER.CO","113.24","78.94","USD","1.43450","TD_AEROPLAN_VISA_INFINITE_9225_May_05-2025.pdf"
"2025-05-05","2025-04-14","2025-04-15","SKY MARKET CENTER CORE B DENVER","16.78","11.70","USD","1.43418","TD_AEROPLAN_VISA_INFINITE_9225_May_05-2025.pdf"
"2025-05-05","2025-04-15","2025-04-16","PAYMENT - THANK YOU","-3413.32","","","","TD_AEROPLAN_VISA_INFINITE_9225_May_05-2025.pdf"
"2025-05-05","2025-04-16","2025-04-16","Deciem Distribution Inc. Toronto","51.13","","","","TD_AEROPLAN_VISA_INFINITE_9225_May_05-2025.pdf"
"2025-05-05","2025-04-19","2025-04-21","SP ALBURA BEAUTY SUP MARKHAM","33.09","","","","TD_AEROPLAN_VISA_INFINITE_9225_May_05-2025.pdf"
"2025-05-05","2025-04-19","2025-04-21","UBER CANADA/UBERTRIP TORONTO","22.76","","","","TD_AEROPLAN_VISA_INFINITE_9225_May_05-2025.pdf"
"2025-05-05","2025-04-19","2025-04-21","SHOPPERS DRUG MART #35 CALGARY","40.95","","","","TD_AEROPLAN_VISA_INFINITE_9225_May_05-2025.pdf"
"2025-05-05","2025-04-19","2025-04-22","SOBEYS MILLRISE #5064 CALGARY","5.24","","","","TD_AEROPLAN_VISA_INFINITE_9225_May_05-2025.pdf"
"2025-05-05","2025-04-23","2025-04-24","HUSKY 52453 CALGARY","24.47","","","","TD_AEROPLAN_VISA_INFINITE_9225_May_05-2025.pdf"
"2025-05-05","2025-04-25","2025-04-28","SQ *STL OCARINA Arlington","20.81","14.60","USD","1.42534","TD_AEROPLAN_VISA_INFINITE_9225_May_05-2025.pdf"
"2025-05-05","2025-04-25","2025-04-28","GOLDEN CACTUS FOOD TRUCK CALGARY","19.95","","","","TD_AEROPLAN_VISA_INFINITE_9225_May_05-2025.pdf"
"2025-05-05","2025-04-25","2025-04-28","SQ *WILD ROSE GIFT BOX CO MORLEY","125.00","","","","TD_AEROPLAN_VISA_INFINITE_9225_May_05-2025.pdf"
"2025-05-05","2025-04-25","2025-04-28","MCDONALD'S #9287 CALGARY","9.22","","","","TD_AEROPLAN_VISA_INFINITE_9225_May_05-2025.pdf"
"2025-05-05","2025-05-01","2025-05-02","CALGARY DENTAL HOUSE CALGARY","420.00","","","","TD_AEROPLAN_VISA_INFINITE_9225_May_05-2025.pdf"
"2025-05-05","2025-05-02","2025-05-02","BOARDWALK FRIES BURGER CALGARY","23.67","","","","TD_AEROPLAN_VISA_INFINITE_9225_May_05-2025.pdf"
"2025-05-05","2025-05-01","2025-05-05","VALUE VILLAGE # 2019 CALGARY","47.70","","","","TD_AEROPLAN_VISA_INFINITE_9225_May_05-2025.pdf"
"2025-05-05","2025-05-04","2025-05-05","LS BEELAND SPILLIMACHEE","28.59","","","","TD_AEROPLAN_VISA_INFINITE_9225_May_05-2025.pdf"
"2025-05-05","2025-05-04","2025-05-05","TOTALITEA CALGARY","42.00","","","","TD_AEROPLAN_VISA_INFINITE_9225_May_05-2025.pdf"
"2025-05-05","2025-05-04","2025-05-05","HEARTS CHOICES INC. CALGARY","17.20","","","","TD_AEROPLAN_VISA_INFINITE_9225_May_05-2025.pdf"
"2025-05-05","2025-05-04","2025-05-05","JELLY MODERN DOUGHNUTS CALGARY","8.30","","","","TD_AEROPLAN_VISA_INFINITE_9225_May_05-2025.pdf"
"2025-06-03","2025-05-06","2025-05-07","PAYMENT - THANK YOU","-1259.35","","","","TD_AEROPLAN_VISA_INFINITE_9225_Jun_03-2025.pdf"
"2025-06-03","2025-05-09","2025-05-12","UBER* TRIP UBER.COM/CA/","27.67","","","","TD_AEROPLAN_VISA_INFINITE_9225_Jun_03-2025.pdf"
"2025-06-03","2025-05-09","2025-05-12","BARBARELLA BAR CALGARY","78.12","","","","TD_AEROPLAN_VISA_INFINITE_9225_Jun_03-2025.pdf"
"2025-06-03","2025-05-10","2025-05-12","UBER CANADA/UBERTRIP TORONTO","27.76","","","","TD_AEROPLAN_VISA_INFINITE_9225_Jun_03-2025.pdf"
"2025-06-03","2025-05-11","2025-05-12","GREENGATE GARDEN CENTRES CALGARY","311.59","","","","TD_AEROPLAN_VISA_INFINITE_9225_Jun_03-2025.pdf"
"2025-06-03","2025-05-11","2025-05-14","SOBEYS MILLRISE #5064 CALGARY","88.21","","","","TD_AEROPLAN_VISA_INFINITE_9225_Jun_03-2025.pdf"
"2025-06-03","2025-05-12","2025-05-14","WESTJET 8382197095434 CALGARY","667.53","","","","TD_AEROPLAN_VISA_INFINITE_9225_Jun_03-2025.pdf"
"2025-06-03","2025-05-13","2025-05-14","CRUMBL DEERFOOT CITY TORONTO","19.48","","","","TD_AEROPLAN_VISA_INFINITE_9225_Jun_03-2025.pdf"
"2025-06-03","2025-05-13","2025-05-15","HILTON HOTELS 905-8211981","327.84","","","","TD_AEROPLAN_VISA_INFINITE_9225_Jun_03-2025.pdf"
"2025-06-03","2025-05-13","2025-05-15","BOOSTER JUICE # 432 CALGARY","14.47","","","","TD_AEROPLAN_VISA_INFINITE_9225_Jun_03-2025.pdf"
"2025-06-03","2025-05-17","2025-05-20","DOLLAR WORLD CALGARY","22.53","","","","TD_AEROPLAN_VISA_INFINITE_9225_Jun_03-2025.pdf"
"2025-06-03","2025-05-17","2025-05-20","LES MOULINS LA FAYETTE CALGARY","28.88","","","","TD_AEROPLAN_VISA_INFINITE_9225_Jun_03-2025.pdf"
"2025-06-03","2025-05-17","2025-05-20","A&W #1395 CALGARY","8.17","","","","TD_AEROPLAN_VISA_INFINITE_9225_Jun_03-2025.pdf"
"2025-06-03","2025-05-17","2025-05-20","GORO + GUN CALGARY","34.65","","","","TD_AEROPLAN_VISA_INFINITE_9225_Jun_03-2025.pdf"
"2025-06-03","2025-05-18","2025-05-20","SQ *THE CANADIAN BREW HOU Calgary . .............................. Optional TD Credit Card Payment Protection Plan can make payments towards your outstanding credit card balance if you experience a covered event. Conditions apply. Learn more at td.com/bpi. ........................................","89.39","","","","TD_AEROPLAN_VISA_INFINITE_9225_Jun_03-2025.pdf"
"2025-06-03","2025-05-18","2025-05-20","UBER CANADA/UBERTRIP TORONTO","27.06","","","","TD_AEROPLAN_VISA_INFINITE_9225_Jun_03-2025.pdf"
"2025-06-03","2025-05-18","2025-05-20","RONA+ CROSSIRON 88007 ROCKY VIEW C","169.62","","","","TD_AEROPLAN_VISA_INFINITE_9225_Jun_03-2025.pdf"
"2025-06-03","2025-05-18","2025-05-20","La Senza 7336 Rockyview","31.42","","","","TD_AEROPLAN_VISA_INFINITE_9225_Jun_03-2025.pdf"
"2025-06-03","2025-05-18","2025-05-20","RWCO 2265 Rocky View","43.66","","","","TD_AEROPLAN_VISA_INFINITE_9225_Jun_03-2025.pdf"
"2025-06-03","2025-05-18","2025-05-20","SECOND CUP 9596 ROCKY VIEW C","14.49","","","","TD_AEROPLAN_VISA_INFINITE_9225_Jun_03-2025.pdf"
"2025-06-03","2025-05-19","2025-05-20","SP ATHLETESHAVEN ROSETOWN","173.25","","","","TD_AEROPLAN_VISA_INFINITE_9225_Jun_03-2025.pdf"
"2025-06-03","2025-05-19","2025-05-20","STYLEFAV* O #152869 NORTH YORK","105.00","","","","TD_AEROPLAN_VISA_INFINITE_9225_Jun_03-2025.pdf"
"2025-06-03","2025-05-21","2025-05-22","SQSP* INV182959385 SQUARESPACE.","252.61","176.40","USD","1.43202","TD_AEROPLAN_VISA_INFINITE_9225_Jun_03-2025.pdf"
"2025-06-03","2025-05-21","2025-05-22","EASYJET AIR K9KG9VG WWW.EASYJET.","650.31","454.12","USD","1.43202","TD_AEROPLAN_VISA_INFINITE_9225_Jun_03-2025.pdf"
"2025-06-03","2025-05-20","2025-05-23","AIR CAN* 0142122042264 AIRCANADA.CO","311.34","","","","TD_AEROPLAN_VISA_INFINITE_9225_Jun_03-2025.pdf"
"2025-06-03","2025-05-20","2025-05-23","AIR CAN* 0142122042265 AIRCANADA.CO","311.34","","","","TD_AEROPLAN_VISA_INFINITE_9225_Jun_03-2025.pdf"
"2025-06-03","2025-05-22","2025-05-23","UBER CANADA/UBERTRIP TORONTO","37.31","","","","TD_AEROPLAN_VISA_INFINITE_9225_Jun_03-2025.pdf"
"2025-06-03","2025-05-23","2025-05-26","PADDLE.NET* EVOTO London","190.79","134.00","USD","1.42380","TD_AEROPLAN_VISA_INFINITE_9225_Jun_03-2025.pdf"
"2025-06-03","2025-05-23","2025-05-26","UBER CANADA/UBERTRIP TORONTO","31.36","","","","TD_AEROPLAN_VISA_INFINITE_9225_Jun_03-2025.pdf"
"2025-06-03","2025-05-23","2025-05-26","TROPICAL CALGARY","89.84","","","","TD_AEROPLAN_VISA_INFINITE_9225_Jun_03-2025.pdf"
"2025-06-03","2025-05-24","2025-05-26","UBER CANADA/UBERTRIP TORONTO","27.02","","","","TD_AEROPLAN_VISA_INFINITE_9225_Jun_03-2025.pdf"
"2025-06-03","2025-05-24","2025-05-26","UBER CANADA/UBERTRIP TORONTO","29.35","","","","TD_AEROPLAN_VISA_INFINITE_9225_Jun_03-2025.pdf"
"2025-06-03","2025-05-25","2025-05-26","GOODWILL PLAZA STORE CALGARY","15.00","","","","TD_AEROPLAN_VISA_INFINITE_9225_Jun_03-2025.pdf"
"2025-06-03","2025-05-25","2025-05-26","DOLLARAMA #1346 CALGARY","3.41","","","","TD_AEROPLAN_VISA_INFINITE_9225_Jun_03-2025.pdf"
"2025-06-03","2025-05-26","2025-05-26","RWCO 2201 Calgary","36.71","","","","TD_AEROPLAN_VISA_INFINITE_9225_Jun_03-2025.pdf"
"2025-06-03","2025-05-25","2025-05-27","VALUE VILLAGE #2165 CALGARY","39.97","","","","TD_AEROPLAN_VISA_INFINITE_9225_Jun_03-2025.pdf"
"2025-06-03","2025-05-29","2025-05-30","HUSKY 52453 CALGARY","6.45","","","","TD_AEROPLAN_VISA_INFINITE_9225_Jun_03-2025.pdf"
"2025-06-03","2025-05-30","2025-05-30","Peters Drive In Calgary","32.66","","","","TD_AEROPLAN_VISA_INFINITE_9225_Jun_03-2025.pdf"
"2025-06-03","2025-05-30","2025-06-02","UBER CANADA/UBERTRIP TORONTO","19.09","","","","TD_AEROPLAN_VISA_INFINITE_9225_Jun_03-2025.pdf"
"2025-06-03","2025-05-30","2025-06-02","HILTON MEADOWVALE FB MISSISSAUGA","23.73","","","","TD_AEROPLAN_VISA_INFINITE_9225_Jun_03-2025.pdf"
"2025-06-03","2025-05-30","2025-06-02","STARBUCKS-INT'L.-POST- CALGARY","7.30","","","","TD_AEROPLAN_VISA_INFINITE_9225_Jun_03-2025.pdf"
"2025-06-03","2025-05-30","2025-06-02","HUDSON ST 2182 CALGARY","13.70","","","","TD_AEROPLAN_VISA_INFINITE_9225_Jun_03-2025.pdf"
"2025-06-03","2025-05-31","2025-06-02","UBER* TRIP UBER.COM/CA/","37.82","","","","TD_AEROPLAN_VISA_INFINITE_9225_Jun_03-2025.pdf"
"2025-06-03","2025-05-31","2025-06-02","UBER CANADA/UBERTRIP TORONTO","11.65","","","","TD_AEROPLAN_VISA_INFINITE_9225_Jun_03-2025.pdf"
"2025-06-03","2025-05-31","2025-06-02","M.T. BELLIES TAP & GRILLH WELLAND","46.89","","","","TD_AEROPLAN_VISA_INFINITE_9225_Jun_03-2025.pdf"
"2025-06-03","2025-06-01","2025-06-02","Subway 68339 Mississauga","13.20","","","","TD_AEROPLAN_VISA_INFINITE_9225_Jun_03-2025.pdf"
"2025-06-03","2025-06-01","2025-06-02","UBER CANADA/UBERTRIP TORONTO","1.00","","","","TD_AEROPLAN_VISA_INFINITE_9225_Jun_03-2025.pdf"
"2025-06-03","2025-06-01","2025-06-02","UBER CANADA/UBERTRIP TORONTO","31.79","","","","TD_AEROPLAN_VISA_INFINITE_9225_Jun_03-2025.pdf"
"2025-06-03","2025-06-01","2025-06-03","WESTJET CALGARY","12.59","","","","TD_AEROPLAN_VISA_INFINITE_9225_Jun_03-2025.pdf"
"2025-06-03","2025-06-02","2025-06-03","CALGARY DENTAL HOUSE CALGARY","420.00","","","","TD_AEROPLAN_VISA_INFINITE_9225_Jun_03-2025.pdf"
"2025-07-03","2025-06-03","2025-06-04","MOORES GREENHOUSE STRATHMORE","19.43","","","","TD_AEROPLAN_VISA_INFINITE_9225_Jul_03-2025.pdf"
"2025-07-03","2025-06-03","2025-06-05","UBER CANADA/UBERTRIP TORONTO","24.85","","","","TD_AEROPLAN_VISA_INFINITE_9225_Jul_03-2025.pdf"
"2025-07-03","2025-06-04","2025-06-05","UBER CANADA/UBERTRIP TORONTO","26.66","","","","TD_AEROPLAN_VISA_INFINITE_9225_Jul_03-2025.pdf"
"2025-07-03","2025-06-04","2025-06-05","PAYMENT - THANK YOU","-5015.02","","","","TD_AEROPLAN_VISA_INFINITE_9225_Jul_03-2025.pdf"
"2025-07-03","2025-06-03","2025-06-06","SOBEYS COUNTRY HILLS #548 CALGARY","100.00","","","","TD_AEROPLAN_VISA_INFINITE_9225_Jul_03-2025.pdf"
"2025-07-03","2025-06-07","2025-06-09","SQ *CLASSICS COLLECTIVE 8774174551","800.00","","","","TD_AEROPLAN_VISA_INFINITE_9225_Jul_03-2025.pdf"
"2025-07-03","2025-06-15","2025-06-16","UBER CANADA/UBERTRIP TORONTO","47.76","","","","TD_AEROPLAN_VISA_INFINITE_9225_Jul_03-2025.pdf"
"2025-07-03","2025-06-19","2025-06-20","HUSKY 52453 CALGARY","10.53","","","","TD_AEROPLAN_VISA_INFINITE_9225_Jul_03-2025.pdf"
"2025-07-03","2025-06-21","2025-06-23","HELENS PLACE CALGARY","26.70","","","","TD_AEROPLAN_VISA_INFINITE_9225_Jul_03-2025.pdf"
"2025-07-03","2025-06-21","2025-06-23","HELENS PLACE CALGARY","25.38","","","","TD_AEROPLAN_VISA_INFINITE_9225_Jul_03-2025.pdf"
"2025-07-03","2025-06-21","2025-06-23","KALYNA STORE CALGARY","15.27","","","","TD_AEROPLAN_VISA_INFINITE_9225_Jul_03-2025.pdf"
"2025-07-03","2025-06-22","2025-06-23","SEPHORA CHINOOK CALGARY","31.50","","","","TD_AEROPLAN_VISA_INFINITE_9225_Jul_03-2025.pdf"
"2025-07-03","2025-06-25","2025-06-27","SHOPPERS DRUG MART #03 CALGARY","17.12","","","","TD_AEROPLAN_VISA_INFINITE_9225_Jul_03-2025.pdf"
"2025-07-03","2025-06-27","2025-06-30","MOONLIGHT & ELI CALGARY","50.00","","","","TD_AEROPLAN_VISA_INFINITE_9225_Jul_03-2025.pdf"
"2025-07-03","2025-06-28","2025-06-30","UPPBEAT SUBSCRIPTION LEEDS","66.99","","","","TD_AEROPLAN_VISA_INFINITE_9225_Jul_03-2025.pdf"
"2025-07-03","2025-06-29","2025-06-30","Sporting Life SOUTHCENTRE CALGARY","77.66","","","","TD_AEROPLAN_VISA_INFINITE_9225_Jul_03-2025.pdf"
"2025-07-03","2025-06-29","2025-06-30","BKG*HOTEL AT BOOKING.C (888)850-395","353.33","214.20","EUR","1.64953","TD_AEROPLAN_VISA_INFINITE_9225_Jul_03-2025.pdf"
"2025-07-03","2025-06-29","2025-06-30","UBER CANADA/UBERTRIP TORONTO","12.27","","","","TD_AEROPLAN_VISA_INFINITE_9225_Jul_03-2025.pdf"
"2025-07-03","2025-06-29","2025-06-30","American Eagle 919 Calgary","43.54","","","","TD_AEROPLAN_VISA_INFINITE_9225_Jul_03-2025.pdf"
"2025-07-03","2025-06-29","2025-06-30","MR. PUFFS SOUTH TRAIL CALGARY","18.88","","","","TD_AEROPLAN_VISA_INFINITE_9225_Jul_03-2025.pdf"
"2025-07-03","2025-06-29","2025-06-30","SHOPPERS DRUG MART 316 CALGARY","37.71","","","","TD_AEROPLAN_VISA_INFINITE_9225_Jul_03-2025.pdf"
"2025-07-03","2025-06-29","2025-06-30","SHOPPERS DRUG MART 316 CALGARY","55.41","","","","TD_AEROPLAN_VISA_INFINITE_9225_Jul_03-2025.pdf"
"2025-07-03","2025-06-29","2025-06-30","WINNERS 466 CALGARY","125.99","","","","TD_AEROPLAN_VISA_INFINITE_9225_Jul_03-2025.pdf"
"2025-07-03","2025-06-29","2025-06-30","SEPHORA SOUTH CALGARY CALGARY","67.20","","","","TD_AEROPLAN_VISA_INFINITE_9225_Jul_03-2025.pdf"
"2025-07-03","2025-06-29","2025-06-30","ARITZIA SOUTH CENTRE 1 CALGARY","131.25","","","","TD_AEROPLAN_VISA_INFINITE_9225_Jul_03-2025.pdf"
"2025-07-03","2025-07-02","2025-07-03","CALGARY DENTAL HOUSE CALGARY","420.00","","","","TD_AEROPLAN_VISA_INFINITE_9225_Jul_03-2025.pdf"
"2025-08-05","2025-07-03","2025-07-04","MEYER FEINKOST GMBH FRANKFURT","41.69","25.24","EUR","1.65174","TD_AEROPLAN_VISA_INFINITE_9225_Aug_05-2025.pdf"
"2025-08-05","2025-07-05","2025-07-07","EVA 1575 ZHOVKVA","12.89","385.28","UAH","0.03345","TD_AEROPLAN_VISA_INFINITE_9225_Aug_05-2025.pdf"
"2025-08-05","2025-07-05","2025-07-07","FOP ANDRUSEIKO O. V. KRAM ZHOVKVA","33.63","1004.98","UAH","0.03346","TD_AEROPLAN_VISA_INFINITE_9225_Aug_05-2025.pdf"
"2025-08-05","2025-07-06","2025-07-07","AZS OKKO 66 LV ZHOVKVA","5.92","177.00","UAH","0.03344","TD_AEROPLAN_VISA_INFINITE_9225_Aug_05-2025.pdf"
"2025-08-05","2025-07-06","2025-07-07","MAGAZYN 450 ZHOVKVA","22.73","679.18","UAH","0.03346","TD_AEROPLAN_VISA_INFINITE_9225_Aug_05-2025.pdf"
"2025-08-05","2025-07-06","2025-07-07","KAFE KASTIL KOFE ZHOVKVA","3.18","95.00","UAH","0.03347","TD_AEROPLAN_VISA_INFINITE_9225_Aug_05-2025.pdf"
"2025-08-05","2025-07-07","2025-07-08","AVRORA ZHOVKVA","8.07","241.00","UAH","0.03348","TD_AEROPLAN_VISA_INFINITE_9225_Aug_05-2025.pdf"
"2025-08-05","2025-07-07","2025-07-08","A1890 ZHOVKVA","5.66","169.00","UAH","0.03349","TD_AEROPLAN_VISA_INFINITE_9225_Aug_05-2025.pdf"
"2025-08-05","2025-07-07","2025-07-08","ZOLOTYI VIK ZHOVKVA","230.15","6877.00","UAH","0.03346","TD_AEROPLAN_VISA_INFINITE_9225_Aug_05-2025.pdf"
"2025-08-05","2025-07-09","2025-07-09","FREEDOM MOBILE 877-946-3184","88.15","","","","TD_AEROPLAN_VISA_INFINITE_9225_Aug_05-2025.pdf"
"2025-08-05","2025-07-09","2025-07-10","FOP ANDRUSEIKO O. V. KRAM ZHOVKVA","4.51","134.17","UAH","0.03361","TD_AEROPLAN_VISA_INFINITE_9225_Aug_05-2025.pdf"
"2025-08-05","2025-07-10","2025-07-14","CapCut SINGAPORE","209.99","","","","TD_AEROPLAN_VISA_INFINITE_9225_Aug_05-2025.pdf"
"2025-08-05","2025-07-11","2025-07-14","APTEKA 61 ZHOVKVA","0.60","18.00","UAH","0.03333","TD_AEROPLAN_VISA_INFINITE_9225_Aug_05-2025.pdf"
"2025-08-05","2025-07-11","2025-07-14","A1890 ZHOVKVA","8.32","247.40","UAH","0.03362","TD_AEROPLAN_VISA_INFINITE_9225_Aug_05-2025.pdf"
"2025-08-05","2025-07-12","2025-07-14","MAGAZIN VA 1575 ZHOVKVA","19.87","590.39","UAH","0.03365","TD_AEROPLAN_VISA_INFINITE_9225_Aug_05-2025.pdf"
"2025-08-05","2025-07-12","2025-07-14","RUKAVYCHKA ZHOVKVA","14.66","435.43","UAH","0.03366","TD_AEROPLAN_VISA_INFINITE_9225_Aug_05-2025.pdf"
"2025-08-05","2025-07-12","2025-07-14","ZHOVKIVSKYJ ZAMOK ZHOVKVA","13.46","400.00","UAH","0.03364","TD_AEROPLAN_VISA_INFINITE_9225_Aug_05-2025.pdf"
"2025-08-05","2025-07-13","2025-07-15","K46 ALL STARS SHOP LVIV","87.84","2610.00","UAH","0.03365","TD_AEROPLAN_VISA_INFINITE_9225_Aug_05-2025.pdf"
"2025-08-05","2025-07-14","2025-07-15","SUSHILAB ZHOVKVA","29.95","890.00","UAH","0.03365","TD_AEROPLAN_VISA_INFINITE_9225_Aug_05-2025.pdf"
"2025-08-05","2025-07-14","2025-07-15","Moulin Rouge - Paris Paris","410.78","250.00","EUR","1.64312","TD_AEROPLAN_VISA_INFINITE_9225_Aug_05-2025.pdf"
"2025-08-05","2025-07-14","2025-07-15","SPOZHYVCHYJ KOSHYK ZHOVKVA","0.57","17.00","UAH","0.03352","TD_AEROPLAN_VISA_INFINITE_9225_Aug_05-2025.pdf"
"2025-08-05","2025-07-14","2025-07-15","PAYMENT - THANK YOU","-3062.01","","","","TD_AEROPLAN_VISA_INFINITE_9225_Aug_05-2025.pdf"
"2025-08-05","2025-07-16","2025-07-17","RUKAVYCHKA ZHOVKVA","5.60","166.30","UAH","0.03367","TD_AEROPLAN_VISA_INFINITE_9225_Aug_05-2025.pdf"
"2025-08-05","2025-07-17","2025-07-18","MAGAZIN ALLORO ZHOVKVA","10.57","313.40","UAH","0.03372","TD_AEROPLAN_VISA_INFINITE_9225_Aug_05-2025.pdf"
"2025-08-05","2025-07-17","2025-07-18","ROSANA ZHOVKVA","11.97","355.12","UAH","0.03370","TD_AEROPLAN_VISA_INFINITE_9225_Aug_05-2025.pdf"
"2025-08-05","2025-07-17","2025-07-18","SOROKA DENT ZHOVKVA","10.12","300.00","UAH","0.03373","TD_AEROPLAN_VISA_INFINITE_9225_Aug_05-2025.pdf"
"2025-08-05","2025-07-18","2025-07-21","RUKAVYCHKA ZHOVKVA","16.18","479.30","UAH","0.03375","TD_AEROPLAN_VISA_INFINITE_9225_Aug_05-2025.pdf"
"2025-08-05","2025-07-18","2025-07-21","AVRORA ZHOVKVA","1.01","30.00","UAH","0.03366","TD_AEROPLAN_VISA_INFINITE_9225_Aug_05-2025.pdf"
"2025-08-05","2025-07-19","2025-07-21","PARK84 ZHOVKVA","21.23","630.00","UAH","0.03369","TD_AEROPLAN_VISA_INFINITE_9225_Aug_05-2025.pdf"
"2025-08-05","2025-07-20","2025-07-21","APTEKAMUZEYPIDCHORNIMORLO LVOV","5.39","160.00","UAH","0.03368","TD_AEROPLAN_VISA_INFINITE_9225_Aug_05-2025.pdf"
"2025-08-05","2025-07-20","2025-07-21","MollisCoffee LVIV","4.38","130.00","UAH","0.03369","TD_AEROPLAN_VISA_INFINITE_9225_Aug_05-2025.pdf"
"2025-08-05","2025-07-20","2025-07-21","ANCHOUSNA VID CHORNOMORKY MISTO LVIV","80.71","2395.00","UAH","0.03369","TD_AEROPLAN_VISA_INFINITE_9225_Aug_05-2025.pdf"
"2025-08-05","2025-07-21","2025-07-22","DYVOTSIN ZHOVKVA ZHOVKVA","3.85","114.51","UAH","0.03362","TD_AEROPLAN_VISA_INFINITE_9225_Aug_05-2025.pdf"
"2025-08-05","2025-07-21","2025-07-22","a.saily London","12.68","8.99","USD","1.41045","TD_AEROPLAN_VISA_INFINITE_9225_Aug_05-2025.pdf"
"2025-08-05","2025-07-21","2025-07-22","CHAT.VERSAILLES 4312134 78VERSAILLES","104.98","64.00","EUR","1.64031","TD_AEROPLAN_VISA_INFINITE_9225_Aug_05-2025.pdf"
"2025-08-05","2025-07-22","2025-07-23","MPK KRAKOW KKM 110 KRAKOW","3.12","8.00","PLN","0.39000","TD_AEROPLAN_VISA_INFINITE_9225_Aug_05-2025.pdf"
"2025-08-05","2025-07-22","2025-07-23","Youmiko Sushi Bar KRAKOW","135.36","348.00","PLN","0.38896","TD_AEROPLAN_VISA_INFINITE_9225_Aug_05-2025.pdf"
"2025-08-05","2025-07-22","2025-07-23","ORLEN STACJA NR 4623 SKOLOSZOW","2.33","5.99","PLN","0.38898","TD_AEROPLAN_VISA_INFINITE_9225_Aug_05-2025.pdf"
"2025-08-05","2025-07-23","2025-07-24","SUMUP *KIOSQUE BAROUDI PARIS","59.09","36.00","EUR","1.64138","TD_AEROPLAN_VISA_INFINITE_9225_Aug_05-2025.pdf"
"2025-08-05","2025-07-23","2025-07-24","SUMUP *EGGENS RIDES LE PECQ","101.77","62.00","EUR","1.64145","TD_AEROPLAN_VISA_INFINITE_9225_Aug_05-2025.pdf"
"2025-08-05","2025-07-23","2025-07-24","UBER *TRIP HELP.UBER.CO","18.22","46.90","PLN","0.38848","TD_AEROPLAN_VISA_INFINITE_9225_Aug_05-2025.pdf"
"2025-08-05","2025-07-23","2025-07-24","MPL SERVICES SP. Z O.O. BALICE","28.76","74.00","PLN","0.38864","TD_AEROPLAN_VISA_INFINITE_9225_Aug_05-2025.pdf"
"2025-08-05","2025-07-23","2025-07-24","THE FOOD LAB PARIS","11.49","7.00","EUR","1.64142","TD_AEROPLAN_VISA_INFINITE_9225_Aug_05-2025.pdf"
"2025-08-05","2025-07-23","2025-07-24","FRIT'BEAFF MONTMACQ","19.70","12.00","EUR","1.64166","TD_AEROPLAN_VISA_INFINITE_9225_Aug_05-2025.pdf"
"2025-08-05","2025-07-24","2025-07-25","MAISON DESVAUX 4037333 78VERSAILLES","13.13","8.00","EUR","1.64125","TD_AEROPLAN_VISA_INFINITE_9225_Aug_05-2025.pdf"
"2025-08-05","2025-07-24","2025-07-25","SNCF VOYAGEURS VERSAILLES","4.10","2.50","EUR","1.63999","TD_AEROPLAN_VISA_INFINITE_9225_Aug_05-2025.pdf"
"2025-08-05","2025-07-24","2025-07-25","SNCF VOYAGEURS PUTEAUX","8.21","5.00","EUR","1.64200","TD_AEROPLAN_VISA_INFINITE_9225_Aug_05-2025.pdf"
"2025-08-05","2025-07-24","2025-07-25","SNCF VOYAGEURS PUTEAUX","8.21","5.00","EUR","1.64200","TD_AEROPLAN_VISA_INFINITE_9225_Aug_05-2025.pdf"
"2025-08-05","2025-07-24","2025-07-25","RMNGP VERSAILLES2311398 75PARIS","9.85","6.00","EUR","1.64166","TD_AEROPLAN_VISA_INFINITE_9225_Aug_05-2025.pdf"
"2025-08-05","2025-07-24","2025-07-25","RATP PARIS","6.57","4.00","EUR","1.64250","TD_AEROPLAN_VISA_INFINITE_9225_Aug_05-2025.pdf"
"2025-08-05","2025-07-24","2025-07-25","RATP PARIS","4.10","2.50","EUR","1.63999","TD_AEROPLAN_VISA_INFINITE_9225_Aug_05-2025.pdf"
"2025-08-05","2025-07-24","2025-07-25","RATP PARIS","4.10","2.50","EUR","1.63999","TD_AEROPLAN_VISA_INFINITE_9225_Aug_05-2025.pdf"
"2025-08-05","2025-07-25","2025-07-28","AIR CANADA 0144292139827 PARIS","93.58","57.00","EUR","1.64175","TD_AEROPLAN_VISA_INFINITE_9225_Aug_05-2025.pdf"
"2025-08-05","2025-07-25","2025-07-28","AIR CANADA 0144292139828 PARIS","93.58","57.00","EUR","1.64175","TD_AEROPLAN_VISA_INFINITE_9225_Aug_05-2025.pdf"
"2025-08-05","2025-07-26","2025-07-28","TOTALITEA CALGARY","42.00","","","","TD_AEROPLAN_VISA_INFINITE_9225_Aug_05-2025.pdf"
"2025-08-05","2025-07-26","2025-07-28","HEARTS CHOICES INC. CALGARY","9.25","","","","TD_AEROPLAN_VISA_INFINITE_9225_Aug_05-2025.pdf"
"2025-08-05","2025-07-26","2025-07-28","SQ *FANTASY DONUTS AND PR Calgary","7.50","","","","TD_AEROPLAN_VISA_INFINITE_9225_Aug_05-2025.pdf"
"2025-08-05","2025-07-26","2025-07-28","SPRINGVALE FINE FOODS LTD ROCKYFORD","10.00","","","","TD_AEROPLAN_VISA_INFINITE_9225_Aug_05-2025.pdf"
"2025-08-05","2025-08-01","2025-08-05","CALGARY DENTAL HOUSE CALGARY","420.00","","","","TD_AEROPLAN_VISA_INFINITE_9225_Aug_05-2025.pdf"
"2025-08-05","2025-08-01","2025-08-05","BKG*HOTEL AT BOOKING.C (888)850-395","-329.86","214.20","EUR","1.53996","TD_AEROPLAN_VISA_INFINITE_9225_Aug_05-2025.pdf"
"2025-09-03","2025-08-08","2025-08-08","FREEDOM MOBILE 877-946-3184","202.02","","","","TD_AEROPLAN_VISA_INFINITE_9225_Sep_03-2025.pdf"
"2025-09-03","2025-08-10","2025-08-11","SWISS CHALET # 1234 CALGARY","38.30","","","","TD_AEROPLAN_VISA_INFINITE_9225_Sep_03-2025.pdf"
"2025-09-03","2025-08-10","2025-08-11","JUGO JUICE - 2107 CALGARY","10.45","","","","TD_AEROPLAN_VISA_INFINITE_9225_Sep_03-2025.pdf"
"2025-09-03","2025-08-10","2025-08-11","SEPHORA THE CORE CALGARY","71.40","","","","TD_AEROPLAN_VISA_INFINITE_9225_Sep_03-2025.pdf"
"2025-09-03","2025-08-09","2025-08-12","SOBEYS COUNTRY HILLS # CALGARY","4.69","","","","TD_AEROPLAN_VISA_INFINITE_9225_Sep_03-2025.pdf"
"2025-09-03","2025-08-13","2025-08-14","DDKINJOSUSHIGRILL DOWNTOWN TOR","31.66","","","","TD_AEROPLAN_VISA_INFINITE_9225_Sep_03-2025.pdf"
"2025-09-03","2025-08-13","2025-08-14","PAYMENT - THANK YOU","-2195.73","","","","TD_AEROPLAN_VISA_INFINITE_9225_Sep_03-2025.pdf"
"2025-09-03","2025-08-16","2025-08-18","SQ *TAJ KABOB - AFGHAN ST 8774174551","40.80","","","","TD_AEROPLAN_VISA_INFINITE_9225_Sep_03-2025.pdf"
"2025-09-03","2025-08-16","2025-08-18","CHIPOTLE 5100 CALGARY","32.99","","","","TD_AEROPLAN_VISA_INFINITE_9225_Sep_03-2025.pdf"
"2025-09-03","2025-08-17","2025-08-18","Blacksheepyyc_1 Calgary","19.63","","","","TD_AEROPLAN_VISA_INFINITE_9225_Sep_03-2025.pdf"
"2025-09-03","2025-08-19","2025-08-21","MCDONALD'S #9287 CALGARY","19.28","","","","TD_AEROPLAN_VISA_INFINITE_9225_Sep_03-2025.pdf"
"2025-09-03","2025-08-24","2025-08-25","THE DOG & ABSOLUTELY EDI EDMONTON","18.40","","","","TD_AEROPLAN_VISA_INFINITE_9225_Sep_03-2025.pdf"
"2025-09-03","2025-08-23","2025-08-26","SOBEYS MILLRISE #5064 CALGARY","51.99","","","","TD_AEROPLAN_VISA_INFINITE_9225_Sep_03-2025.pdf"
"2025-09-03","2025-08-31","2025-09-02","CONRICH GAS PLUS CONRICH","20.56","","","","TD_AEROPLAN_VISA_INFINITE_9225_Sep_03-2025.pdf"
"2025-09-03","2025-09-02","2025-09-03","CALGARY DENTAL HOUSE CALGARY","420.00","","","","TD_AEROPLAN_VISA_INFINITE_9225_Sep_03-2025.pdf"
"2025-10-03","2025-09-07","2025-09-08","ESSO FORTRESS JUNCTION S KANANASKIS","5.87","","","","TD_AEROPLAN_VISA_INFINITE_9225_Oct_03-2025.pdf"
"2025-10-03","2025-09-08","2025-09-08","FREEDOM MOBILE 877-946-3184","88.15","","","","TD_AEROPLAN_VISA_INFINITE_9225_Oct_03-2025.pdf"
"2025-10-03","2025-09-07","2025-09-09","MCDONALD S #9527 CALGARY","29.25","","","","TD_AEROPLAN_VISA_INFINITE_9225_Oct_03-2025.pdf"
"2025-10-03","2025-09-09","2025-09-10","PAYMENT - THANK YOU","-749.33","","","","TD_AEROPLAN_VISA_INFINITE_9225_Oct_03-2025.pdf"
"2025-10-03","2025-09-09","2025-09-11","YYC BAD EGG 7271118 CALGARY","19.38","","","","TD_AEROPLAN_VISA_INFINITE_9225_Oct_03-2025.pdf"
"2025-10-03","2025-09-09","2025-09-11","ALASKA AIR 0272116813229 RICHMOND","36.75","","","","TD_AEROPLAN_VISA_INFINITE_9225_Oct_03-2025.pdf"
"2025-10-03","2025-09-09","2025-09-11","HUDSON ST2172 CALGARY","17.82","","","","TD_AEROPLAN_VISA_INFINITE_9225_Oct_03-2025.pdf"
"2025-10-03","2025-09-12","2025-09-15","PY *DILETTANTE MOCHA CAFE SEATAC","42.68","29.97","USD","1.42409","TD_AEROPLAN_VISA_INFINITE_9225_Oct_03-2025.pdf"
"2025-10-03","2025-09-12","2025-09-15","ALASKA AIR 0272117143759 SEATTLE","35.60","25.00","USD","1.42400","TD_AEROPLAN_VISA_INFINITE_9225_Oct_03-2025.pdf"
"2025-10-03","2025-09-20","2025-09-22","LA DIPERIE - 2145 CALGARY","19.97","","","","TD_AEROPLAN_VISA_INFINITE_9225_Oct_03-2025.pdf"
"2025-10-03","2025-09-21","2025-09-22","7 ELEVEN STORE #32168 CALGARY","2.10","","","","TD_AEROPLAN_VISA_INFINITE_9225_Oct_03-2025.pdf"
"2025-10-03","2025-09-21","2025-09-23","CANADIAN TIRE #462 CALGARY","17.30","","","","TD_AEROPLAN_VISA_INFINITE_9225_Oct_03-2025.pdf"
"2025-10-03","2025-09-23","2025-09-24","LINA'S MARKET HALL CALGARY","16.80","","","","TD_AEROPLAN_VISA_INFINITE_9225_Oct_03-2025.pdf"
"2025-10-03","2025-09-23","2025-09-24","LINA'S MARKET HALL CALGARY","6.30","","","","TD_AEROPLAN_VISA_INFINITE_9225_Oct_03-2025.pdf"
"2025-10-03","2025-09-23","2025-09-24","LINA'S MARKET HALL CALGARY","50.08","","","","TD_AEROPLAN_VISA_INFINITE_9225_Oct_03-2025.pdf"
"2025-10-03","2025-09-23","2025-09-24","SEPHORA DEERFOOT CITY CALGARY","140.70","","","","TD_AEROPLAN_VISA_INFINITE_9225_Oct_03-2025.pdf"
"2025-10-03","2025-09-27","2025-09-29","American Eagle 1013 Rocky View","83.95","","","","TD_AEROPLAN_VISA_INFINITE_9225_Oct_03-2025.pdf"
"2025-10-03","2025-09-27","2025-09-29","DISTRICT ANIMAL HOSPITAL CALGARY","64.31","","","","TD_AEROPLAN_VISA_INFINITE_9225_Oct_03-2025.pdf"
"2025-10-03","2025-09-27","2025-09-29","JUGO JUICE - 2198 ROCKY VIEW C","7.09","","","","TD_AEROPLAN_VISA_INFINITE_9225_Oct_03-2025.pdf"
"2025-10-03","2025-09-27","2025-09-29","GAP OUTLET 3274 CALGARY","22.04","","","","TD_AEROPLAN_VISA_INFINITE_9225_Oct_03-2025.pdf"
"2025-10-03","2025-10-01","2025-10-02","CALGARY DENTAL HOUSE CALGARY","420.00","","","","TD_AEROPLAN_VISA_INFINITE_9225_Oct_03-2025.pdf"
"2025-10-03","2025-10-03","2025-10-03","ANNUAL FEE","139.00","","","","TD_AEROPLAN_VISA_INFINITE_9225_Oct_03-2025.pdf"
"2025-11-03","2025-10-09","2025-10-09","COBS Bread CALGARY","16.16","","","","TD_AEROPLAN_VISA_INFINITE_9225_Nov_03-2025.pdf"
"2025-11-03","2025-10-09","2025-10-09","FREEDOM MOBILE 877-946-3184","88.15","","","","TD_AEROPLAN_VISA_INFINITE_9225_Nov_03-2025.pdf"
"2025-11-03","2025-10-10","2025-10-10","aliexpress Toronto","16.60","","","","TD_AEROPLAN_VISA_INFINITE_9225_Nov_03-2025.pdf"
"2025-11-03","2025-10-10","2025-10-10","aliexpress Toronto","94.76","","","","TD_AEROPLAN_VISA_INFINITE_9225_Nov_03-2025.pdf"
"2025-11-03","2025-10-11","2025-10-14","TST-Rosies Burgers - Calgary","52.51","","","","TD_AEROPLAN_VISA_INFINITE_9225_Nov_03-2025.pdf"
"2025-11-03","2025-10-15","2025-10-16","SALARMY HORIZON HEIGHTS T CALGARY","14.99","","","","TD_AEROPLAN_VISA_INFINITE_9225_Nov_03-2025.pdf"
"2025-11-03","2025-10-15","2025-10-16","H&W PRODUCE CALGARY","48.71","","","","TD_AEROPLAN_VISA_INFINITE_9225_Nov_03-2025.pdf"
"2025-11-03","2025-10-15","2025-10-20","FRESHCO #9637 CALGARY","71.20","","","","TD_AEROPLAN_VISA_INFINITE_9225_Nov_03-2025.pdf"
"2025-11-03","2025-10-19","2025-10-20","SP BALI BODY CA BRIGHTON","82.95","","","","TD_AEROPLAN_VISA_INFINITE_9225_Nov_03-2025.pdf"
"2025-11-03","2025-10-19","2025-10-20","CREPE DELICIOUS ROCKY VIEW C","14.83","","","","TD_AEROPLAN_VISA_INFINITE_9225_Nov_03-2025.pdf"
"2025-11-03","2025-10-19","2025-10-20","YOGEN FRUZ CALGARY","8.14","","","","TD_AEROPLAN_VISA_INFINITE_9225_Nov_03-2025.pdf"
"2025-11-03","2025-10-19","2025-10-20","SQ *HULA CROSS IRON MILLS CALGARY","38.11","","","","TD_AEROPLAN_VISA_INFINITE_9225_Nov_03-2025.pdf"
"2025-11-03","2025-10-19","2025-10-20","SEPHORA CROSS IRON ROCKY VIEW","34.65","","","","TD_AEROPLAN_VISA_INFINITE_9225_Nov_03-2025.pdf"
"2025-11-03","2025-10-21","2025-10-22","DOLLARAMA #1633 CALGARY","37.24","","","","TD_AEROPLAN_VISA_INFINITE_9225_Nov_03-2025.pdf"
"2025-11-03","2025-10-23","2025-10-24","MEDICARE CLINIC CALGARY","36.75","","","","TD_AEROPLAN_VISA_INFINITE_9225_Nov_03-2025.pdf"
"2025-11-03","2025-10-29","2025-10-30","WINNERS 297 CALGARY","83.99","","","","TD_AEROPLAN_VISA_INFINITE_9225_Nov_03-2025.pdf"
"2025-11-03","2025-10-30","2025-10-31","URBAN PLANET #1881 CALGARY","21.00","","","","TD_AEROPLAN_VISA_INFINITE_9225_Nov_03-2025.pdf"
"2025-11-03","2025-10-30","2025-10-31","WINNERS 297 CALGARY","92.35","","","","TD_AEROPLAN_VISA_INFINITE_9225_Nov_03-2025.pdf"
"2025-11-03","2025-10-31","2025-11-03","Balisim HONG KONG","24.68","17.15","USD","1.43906","TD_AEROPLAN_VISA_INFINITE_9225_Nov_03-2025.pdf"
"2025-11-03","2025-11-02","2025-11-03","3719_YYC_Rundle_Market Calgary","13.64","","","","TD_AEROPLAN_VISA_INFINITE_9225_Nov_03-2025.pdf"
"2025-11-03","2025-11-02","2025-11-03","0834_YVR_Red_Cedar Richmond","5.07","","","","TD_AEROPLAN_VISA_INFINITE_9225_Nov_03-2025.pdf"
"2025-11-03","2025-11-03","2025-11-03","RETAIL INTEREST","34.24","","","","TD_AEROPLAN_VISA_INFINITE_9225_Nov_03-2025.pdf"
"2025-12-03","2025-11-03","2025-11-04","SHEN HENG CHANG 00264 TAOYUAN CITY","29.95","640.00","TWD","0.04679","TD_AEROPLAN_VISA_INFINITE_9225_Dec_03-2025.pdf"
"2025-12-03","2025-11-03","2025-11-04","Prismalink*IND VISAARR JAKARTA PUSA","45.44","524500.00","IDR","0.00008","TD_AEROPLAN_VISA_INFINITE_9225_Dec_03-2025.pdf"
"2025-12-03","2025-11-03","2025-11-04","Prismalink*IND VISAARR JAKARTA PUSA","45.44","524500.00","IDR","0.00008","TD_AEROPLAN_VISA_INFINITE_9225_Dec_03-2025.pdf"
"2025-12-03","2025-11-03","2025-11-04","CALGARY DENTAL HOUSE CALGARY","420.00","","","","TD_AEROPLAN_VISA_INFINITE_9225_Dec_03-2025.pdf"
"2025-12-03","2025-11-03","2025-11-04","PAYMENT - THANK YOU","-2024.21","","","","TD_AEROPLAN_VISA_INFINITE_9225_Dec_03-2025.pdf"
"2025-12-03","2025-11-08","2025-11-10","FREEDOM MOBILE 877-946-3184","88.15","","","","TD_AEROPLAN_VISA_INFINITE_9225_Dec_03-2025.pdf"
"2025-12-03","2025-11-21","2025-11-21","TST-Tastes on the Fly- Richmond","28.25","","","","TD_AEROPLAN_VISA_INFINITE_9225_Dec_03-2025.pdf"
"2025-12-03","2025-11-21","2025-11-24","STARBUCKS PIER C RICHMOND","1.38","","","","TD_AEROPLAN_VISA_INFINITE_9225_Dec_03-2025.pdf"
"2025-12-03","2025-11-24","2025-11-24","aliexpress Toronto","20.27","","","","TD_AEROPLAN_VISA_INFINITE_9225_Dec_03-2025.pdf"
"2025-12-03","2025-11-27","2025-11-28","SLAVIC STORE CALGARY","33.89","","","","TD_AEROPLAN_VISA_INFINITE_9225_Dec_03-2025.pdf"
"2025-12-03","2025-11-29","2025-12-01","aliexpress Toronto","131.99","","","","TD_AEROPLAN_VISA_INFINITE_9225_Dec_03-2025.pdf"
"2025-12-03","2025-11-29","2025-12-01","SHOPPERS DRUG MART #23 ROCKY VIEW C","32.55","","","","TD_AEROPLAN_VISA_INFINITE_9225_Dec_03-2025.pdf"
"2025-12-03","2025-11-29","2025-12-01","URBAN BEHAVIOR #1661 ROCKY VIEW","18.11","","","","TD_AEROPLAN_VISA_INFINITE_9225_Dec_03-2025.pdf"
"2025-12-03","2025-11-30","2025-12-01","HM Hennes Mauritz Inc. Toronto","157.50","","","","TD_AEROPLAN_VISA_INFINITE_9225_Dec_03-2025.pdf"
"2025-12-03","2025-12-01","2025-12-02","aliexpress Toronto","143.37","","","","TD_AEROPLAN_VISA_INFINITE_9225_Dec_03-2025.pdf"
"2025-12-03","2025-12-01","2025-12-02","CALGARY DENTAL HOUSE CALGARY","420.00","","","","TD_AEROPLAN_VISA_INFINITE_9225_Dec_03-2025.pdf"
"2025-12-03","2025-12-03","2025-12-03","RETAIL INTEREST","11.83","","","","TD_AEROPLAN_VISA_INFINITE_9225_Dec_03-2025.pdf"